timestamp,signalQuality,attention,meditation,delta,theta,lowAlpha,highAlpha,lowBeta,highBeta,lowGamma,midGamma,label
"2026-07-28T01:36:19.797Z","0","35","70","419073","145249","5671","8154","682","8327","11608","6051",""
"2026-07-28T01:36:21.883Z","0","47","61","382026","31615","5701","8988","4169","33393","19338","13009",""
"2026-07-28T01:36:22.915Z","0","51","61","183392","27757","9963","7727","12168","5700","5811","2853",""
"2026-07-28T01:36:24.691Z","0","78","66","6071","34615","2623","8738","10227","23262","31255","5718",""
"2026-07-28T01:36:26.527Z","0","84","64","2302","12886","2786","5221","7330","36502","10784","9494",""
"2026-07-28T01:36:28.020Z","0","94","63","14108","19167","2442","12905","8712","18321","14181","16415",""
"2026-07-28T01:36:29.340Z","0","88","56","7276","23137","3089","1154","8864","22083","20494","5836",""
"2026-07-28T01:36:30.942Z","0","61","63","1357855","232597","63470","42649","13857","34646","29022","11142",""
"2026-07-28T01:36:32.533Z","0","47","67","572023","139738","30643","55937","20597","31347","22016","22288",""
"2026-07-28T01:36:34.404Z","0","69","54","6278","779","634","2251","1730","6549","6131","1864",""
"2026-07-28T01:36:35.412Z","0","81","66","977206","49507","7324","42166","17748","50771","38139","30540",""
"2026-07-28T01:36:36.654Z","0","75","56","2576415","345957","25715","25003","8399","27003","27143","36229",""
"2026-07-28T01:36:38.622Z","0","37","77","134208","526783","145264","50470","13647","58151","99096","32059",""
"2026-07-28T01:36:40.380Z","0","24","75","427678","42974","3318","15417","8801","7300","9744","8410",""
"2026-07-28T01:36:43.020Z","0","29","77","1396481","139951","11054","34889","26621","20009","21728","11868",""
"2026-07-28T01:36:44.042Z","0","23","90","1613104","466613","219068","85103","17489","46460","44577","5715",""
"2026-07-28T01:36:46.470Z","0","38","84","936371","77605","24477","10229","64868","31878","59130","36878",""
"2026-07-28T01:36:48.577Z","0","66","56","781002","25971","3759","11007","7481","38475","49137","9108",""
"2026-07-28T01:36:50.857Z","0","56","63","400118","92995","27205","55082","19546","16327","17877","20016",""
"2026-07-28T01:36:51.991Z","0","40","88","91433","26883","8226","18144","8158","7150","8106","4671",""
"2026-07-28T01:36:53.587Z","0","37","80","409778","339048","122157","34004","19215","24727","37691","10704",""
"2026-07-28T01:36:55.363Z","0","30","66","823000","317377","38558","58257","33873","14586","7568","10058",""
"2026-07-28T01:36:56.389Z","0","30","66","283573","31054","3230","2142","6137","3650","3573","3623",""
"2026-07-28T01:36:57.738Z","0","30","70","56811","164052","120301","25644","21026","13995","18292","6078",""
"2026-07-28T01:36:59.059Z","0","26","67","1168780","272667","51743","14992","21022","36973","24836","5103",""
"2026-07-28T01:37:01.015Z","0","34","67","46206","112681","20701","15399","27932","17432","21082","19585",""
"2026-07-28T01:37:02.437Z","0","53","69","1310","7342","1862","7920","4574","8409","5596","3453",""
"2026-07-28T01:37:06.241Z","0","60","69","169092","162524","2569","12865","8753","13639","10006","4358",""
"2026-07-28T01:37:08.341Z","0","30","50","7706","2761","1751","519","922","1072","875","432",""
"2026-07-28T01:37:09.558Z","0","38","74","463734","13572","28724","6000","5705","9067","5756","7482",""
"2026-07-28T01:37:11.113Z","0","44","77","225838","50430","5686","5804","5620","7700","6486","2984",""
"2026-07-28T01:37:12.781Z","0","44","64","83135","51849","4598","7992","7033","6103","6054","1682",""
"2026-07-28T01:37:15.288Z","0","44","84","51938","13761","15596","15301","5787","4790","753","691",""
"2026-07-28T01:37:17.334Z","0","37","97","1492812","35570","11085","8120","3681","1496","1619","444",""
"2026-07-28T01:37:18.918Z","0","27","100","40284","7206","5854","3389","1427","2454","2278","1090",""
"2026-07-28T01:37:20.419Z","0","26","97","15235","4494","3910","1075","2333","976","980","376",""
"2026-07-28T01:37:21.786Z","0","50","67","19366","18974","1456","4457","2128","1832","1757","1022",""
"2026-07-28T01:37:31.453Z","0","47","67","7628","16109","1989","1162","2232","3412","782","1543",""
"2026-07-28T01:37:37.105Z","0","48","66","560055","124687","65581","91112","16417","20310","36463","14108",""
"2026-07-28T01:37:39.187Z","0","44","78","243175","42328","19703","8474","6223","10068","18305","4903",""
"2026-07-28T01:37:40.669Z","0","66","64","40105","33365","7666","17963","15915","26982","11771","6585",""
"2026-07-28T01:37:42.259Z","0","81","69","1686","3535","721","3155","1451","2387","1160","531",""
"2026-07-28T01:37:44.065Z","0","70","75","37921","18223","6064","5351","6560","10072","6648","7998",""
"2026-07-28T01:37:45.324Z","0","67","77","9451","10927","7057","8495","5578","6889","4622","1611",""
"2026-07-28T01:37:47.298Z","0","66","81","7810","3610","965","7223","1682","2294","1901","1088",""
"2026-07-28T01:37:49.069Z","0","67","84","14445","3487","16853","4773","5084","3758","1762","1670",""
"2026-07-28T01:37:50.376Z","0","63","88","4195","5143","4258","2292","1332","1560","269","319",""
"2026-07-28T01:37:52.111Z","0","41","88","12553","22083","10350","14660","2305","4036","1859","2461",""
"2026-07-28T01:37:53.298Z","0","30","69","111934","50128","6433","3781","2414","2081","1029","2146",""
"2026-07-28T01:37:54.349Z","0","34","57","386162","94726","2590","22600","18283","21402","14534","1926",""
"2026-07-28T01:37:56.046Z","0","64","35","30137","9449","1227","3081","8831","7859","5803","3144",""
"2026-07-28T01:37:58.123Z","0","91","53","27286","11464","15663","12954","13996","7111","4398","2735",""
"2026-07-28T01:38:00.289Z","0","83","70","13156","1621","1936","5141","4351","6918","2360","1199",""
"2026-07-28T01:38:02.166Z","0","74","75","19132","6541","8500","4038","7272","4949","1951","2612",""
"2026-07-28T01:38:04.195Z","0","70","69","4252","5697","2825","1283","2054","2233","2442","5468",""
"2026-07-28T01:38:05.935Z","0","63","51","30161","51280","6751","2534","10788","6398","1615","1554",""
"2026-07-28T01:38:06.949Z","0","43","70","49219","3289","4806","8035","1567","844","900","337",""
"2026-07-28T01:38:08.251Z","0","40","77","16829","8327","13518","4442","4432","3937","2394","5024",""
"2026-07-28T01:38:09.253Z","0","41","88","8714","717","1482","1258","772","786","466","309",""
"2026-07-28T01:38:10.921Z","0","57","75","6301","21512","1058","1735","4330","3815","2264","807",""
"2026-07-28T01:38:12.001Z","0","56","69","10785","7493","3195","2085","2101","1490","1298","2638",""
"2026-07-28T01:38:13.123Z","0","54","60","35621","16408","4910","3849","4146","4405","2936","1148",""
"2026-07-28T01:38:14.695Z","0","47","51","561008","84091","21100","3084","2926","13261","12306","4134",""
"2026-07-28T01:38:16.105Z","0","37","57","728797","271465","49366","18780","10149","13778","7788","9174",""
"2026-07-28T01:38:17.527Z","0","51","53","19870","13753","5914","3822","22206","28001","20655","7727",""
"2026-07-28T01:38:19.117Z","0","87","53","13134","16238","4482","1423","3681","10229","4747","12185",""
"2026-07-28T01:38:22.266Z","0","93","43","48340","5791","1226","367","1114","2135","1392","1346",""
"2026-07-28T01:38:23.275Z","0","80","47","40234","26922","7962","5428","3349","7857","11489","4018",""
"2026-07-28T01:38:24.517Z","0","88","48","45000","5985","9180","6752","1761","23133","19687","5636",""
"2026-07-28T01:38:27.091Z","0","100","51","46065","5325","3951","7439","11689","16456","5048","6663",""
"2026-07-28T01:38:29.395Z","0","93","63","4311","8330","3873","431","2616","2678","1177","432",""
"2026-07-28T01:38:31.489Z","0","90","60","2811","5709","420","4192","2602","10910","10746","2360",""
"2026-07-28T01:38:32.677Z","0","90","67","14495","4779","6359","3743","11270","5835","4913","2291",""
"2026-07-28T01:38:34.267Z","0","74","80","29709","11644","8662","4733","9617","5577","4905","4781",""
"2026-07-28T01:38:35.959Z","0","50","77","6122","24714","8789","1918","4614","4215","1273","1007",""
"2026-07-28T01:38:38.262Z","0","34","80","4186","1767","2716","1103","1372","298","378","347",""
"2026-07-28T01:38:40.314Z","0","30","75","8197","21772","8459","1845","5400","2381","1727","1613",""
"2026-07-28T01:38:41.443Z","0","35","69","314476","73013","5111","20029","20701","19745","7658","11969",""
"2026-07-28T01:38:43.663Z","0","67","53","724","2866","903","964","2584","1825","3397","1558",""
"2026-07-28T01:38:57.745Z","0","78","74","10418","14213","2457","2892","6845","22190","14198","5820",""
"2026-07-28T01:39:00.499Z","0","96","57","7595","7596","2738","4000","1225","4305","4308","2577",""
"2026-07-28T01:39:01.657Z","0","67","67","6343","9231","6033","5285","6656","5699","4933","1645",""
"2026-07-28T01:39:03.439Z","0","83","61","4089","1296","890","6737","3185","21545","1403","3230",""
"2026-07-28T01:39:05.035Z","0","93","61","4736","14003","3648","5358","2221","5488","3256","1422",""
"2026-07-28T01:39:07.135Z","0","81","60","3161","4514","275","471","2080","6325","2317","3828",""
"2026-07-28T01:39:08.779Z","0","78","61","20498","11917","2907","5178","3025","6983","7360","3742",""
"2026-07-28T01:39:09.840Z","0","80","51","31745","7970","539","6595","3788","7072","4955","1949",""
"2026-07-28T01:39:10.963Z","0","74","63","30883","12269","4667","3259","9559","10833","13197","864",""
"2026-07-28T01:39:12.751Z","0","84","56","27792","4794","6796","3332","5533","11743","10529","7133",""
"2026-07-28T01:39:13.801Z","0","90","54","15860","6682","3681","4214","6311","14272","16721","2540",""
"2026-07-28T01:39:14.869Z","0","91","60","5770","9488","10291","2227","4440","13551","9556","2402",""
"2026-07-28T01:39:16.693Z","0","94","53","7258","5549","647","786","4328","3435","4873","2763",""
"2026-07-28T01:39:17.714Z","0","88","56","3761","5717","1531","5410","1956","4622","1606","1651",""
"2026-07-28T01:39:18.715Z","0","88","63","3206","3064","5165","10736","3626","10554","4981","1856",""
"2026-07-28T01:39:19.891Z","0","83","57","21546","10064","1242","3008","6043","6925","15173","2556",""
"2026-07-28T01:39:21.103Z","0","83","69","3926","5573","2211","3086","1840","6207","2603","1685",""
"2026-07-28T01:39:22.747Z","0","75","60","9217","11156","3632","5115","1692","4212","3342","4684",""
"2026-07-28T01:39:24.607Z","0","87","60","13893","3956","3762","2268","7442","11113","2481","3843",""
"2026-07-28T01:39:25.608Z","0","93","60","23023","13189","5640","4722","6805","14207","5902","3085",""
"2026-07-28T01:39:26.731Z","0","100","54","6268","8120","1502","3960","1975","12288","9774","1824",""
"2026-07-28T01:39:27.816Z","0","100","53","6083","5016","1325","3224","6110","8700","5034","1843",""
"2026-07-28T01:39:28.867Z","0","94","54","16042","4419","2974","3429","6519","5625","9098","3124",""
"2026-07-28T01:39:30.721Z","0","84","66","2474","5711","2137","5660","4300","5190","3205","5661",""
"2026-07-28T01:39:32.724Z","0","88","61","19816","13228","1813","4075","9811","14514","5617","5344",""
"2026-07-28T01:39:34.776Z","0","97","54","767","1094","1273","151","391","1438","923","1291",""
"2026-07-28T01:39:35.958Z","0","97","51","6576","3972","3895","1611","6098","10990","5731","1646",""
"2026-07-28T01:39:37.722Z","0","90","56","14060","13062","6109","5262","3883","6839","4057","2256",""
"2026-07-28T01:39:39.619Z","0","60","74","10558","10390","15332","19626","3910","2813","9406","2552",""
"2026-07-28T01:39:40.657Z","0","50","83","18419","13210","1609","7849","5542","5146","7757","3825",""
"2026-07-28T01:39:41.959Z","0","43","84","39290","26371","12866","6161","3999","5921","7439","2763",""
"2026-07-28T01:39:43.549Z","0","48","67","7029","23337","4148","3445","6357","4083","3025","2428",""
"2026-07-28T01:39:44.701Z","0","53","67","11454","6324","2793","2532","3382","4143","1495","1159",""
"2026-07-28T01:39:46.542Z","0","43","67","252980","72953","13035","25247","8364","7908","7333","3559",""
"2026-07-28T01:39:47.569Z","0","51","70","12973","7942","4175","1140","2312","4948","4832","696",""
"2026-07-28T01:39:48.625Z","0","38","66","505601","201004","33136","18923","16796","19329","11554","14098",""
"2026-07-28T01:39:50.785Z","0","34","53","741525","126715","22679","16185","10479","9896","17395","19889",""
"2026-07-28T01:39:52.063Z","0","24","57","1685451","37297","20824","9387","5217","10549","8901","4605",""
"2026-07-28T01:39:53.850Z","0","34","57","679965","87669","17463","21464","46240","34148","31149","16961",""
"2026-07-28T01:39:55.542Z","26","41","67","167875","11215","3875","4724","2753","14248","13556","7265",""
"2026-07-28T01:39:56.796Z","0","34","57","101992","629572","67568","75734","57666","44783","26654","34204",""
"2026-07-28T01:39:58.458Z","0","30","60","226752","97958","7141","7890","8476","13440","10089","7307",""
"2026-07-28T01:39:59.665Z","0","35","51","1087103","63548","9674","20053","17239","22152","9897","8166",""
"2026-07-28T01:40:01.764Z","0","47","41","693900","182559","13911","11497","33293","39722","37139","16303",""
"2026-07-28T01:40:03.438Z","0","34","50","727764","30119","8138","6323","4577","3358","4566","2212",""
"2026-07-28T01:40:04.524Z","0","29","53","285231","75470","22169","34530","12919","14062","19801","4229",""
"2026-07-28T01:40:06.516Z","0","35","54","167667","134044","3179","13128","21885","26220","27413","19841",""
"2026-07-28T01:40:07.591Z","0","41","47","209095","19099","2533","1052","1948","5021","2168","1498",""
"2026-07-28T01:40:08.820Z","0","35","41","1165266","101490","10225","26222","11597","5763","22996","2403",""
"2026-07-28T01:40:10.927Z","0","40","63","1379818","57571","62939","13940","22394","44077","36506","43496",""
"2026-07-28T01:40:12.517Z","0","43","88","474402","4155","12844","1644","1760","1860","4306","1414",""
"2026-07-28T01:40:13.608Z","0","44","77","4700","4623","796","206","717","1014","711","489",""
"2026-07-28T01:40:15.499Z","0","43","77","3912","1044","832","253","864","442","475","444",""
"2026-07-28T01:40:16.560Z","0","50","66","9020","11148","6392","1982","1188","3681","2266","1887",""
"2026-07-28T01:40:18.535Z","0","48","66","5089","7493","10286","1818","4839","2687","2247","1895",""
"2026-07-28T01:40:19.591Z","0","41","63","9191","19203","1165","5960","1595","2460","2318","770",""
"2026-07-28T01:40:21.390Z","0","43","70","17246","1778","654","1559","582","648","304","801",""
"2026-07-28T01:40:22.573Z","0","43","77","75077","7339","18913","5011","4872","3648","4123","1896",""
"2026-07-28T01:40:23.995Z","0","50","70","5908","6450","699","831","931","1760","1922","834",""
"2026-07-28T01:40:25.584Z","0","29","77","17781","7037","2882","2711","1999","348","525","278",""
"2026-07-28T01:40:26.622Z","0","38","70","109369","5816","1728","4892","6933","5409","2020","3247",""
"2026-07-28T01:40:28.158Z","0","38","74","3428","4890","2616","1495","1146","1048","695","328",""
"2026-07-28T01:40:29.749Z","0","48","74","8950","2782","482","1400","1052","1196","368","152",""
"2026-07-28T01:40:31.231Z","0","43","64","330031","146553","18348","13730","21227","18920","8547","2988",""
"2026-07-28T01:40:32.934Z","0","35","66","235098","12688","6778","4170","828","2168","3958","1812",""
"2026-07-28T01:40:34.530Z","0","43","75","317395","19328","6976","8429","3287","4916","6963","3163",""
"2026-07-28T01:40:36.529Z","0","40","53","54631","30765","2107","2401","2548","2188","523","1117",""
"2026-07-28T01:40:47.527Z","0","60","77","33144","45899","24083","9587","16728","10576","41495","12049",""
"2026-07-28T01:40:48.324Z","0","64","84","100996","13718","26269","19033","8966","52639","11001","5741",""
"2026-07-28T01:40:49.278Z","0","67","81","8407","4858","5574","2240","1008","3431","3141","1925",""
"2026-07-28T01:40:50.370Z","0","61","78","104604","46800","15203","10823","5044","10593","11415","4138",""
"2026-07-28T01:40:51.264Z","0","67","69","15066","10406","1953","1770","1918","4546","7101","1792",""
"2026-07-28T01:40:52.260Z","0","61","63","185598","11081","3502","737","1353","6029","2601","2687",""
"2026-07-28T01:40:53.238Z","0","56","56","51077","29934","4155","9605","4039","5947","16101","3237",""
"2026-07-28T01:40:54.229Z","0","61","56","1868","4442","2176","1116","966","2162","1419","1085",""
"2026-07-28T01:40:55.350Z","0","56","60","18934","14593","3780","2995","4377","3905","3755","1435",""
"2026-07-28T01:40:56.401Z","0","56","61","100474","26820","14956","2067","20269","14760","5682","1984",""
"2026-07-28T01:40:57.301Z","0","61","60","33467","10691","3325","2565","4573","4566","2584","2216",""
"2026-07-28T01:40:58.386Z","0","51","64","3073","2977","2856","683","798","530","589","191",""
"2026-07-28T01:40:59.490Z","0","48","74","14365","14866","10476","13227","7463","5421","2142","1380",""
"2026-07-28T01:41:00.474Z","0","37","70","51033","19930","2070","5422","6992","2123","2964","1515",""
"2026-07-28T01:41:01.453Z","0","34","78","8867","11535","3231","9824","4223","3731","5446","3322",""
"2026-07-28T01:41:02.436Z","0","37","70","10686","2482","714","757","804","626","637","250",""
"2026-07-28T01:41:03.325Z","0","35","70","14901","8382","11576","1780","3463","2496","3099","3604",""
"2026-07-28T01:41:04.339Z","0","44","69","30081","14739","2477","2722","5236","4171","3595","1331",""
"2026-07-28T01:41:05.400Z","0","48","69","28898","8028","11051","1253","4161","4956","2751","1694",""
"2026-07-28T01:41:06.270Z","0","47","69","26902","15939","10552","3993","19408","3644","2547","1440",""
"2026-07-28T01:41:07.464Z","0","47","61","29299","24612","7118","3336","3683","3689","3356","8207",""
"2026-07-28T01:41:08.305Z","0","41","69","14316","15311","11229","2518","5035","3987","2678","3389",""
"2026-07-28T01:41:09.348Z","0","37","63","1546721","330347","72987","102095","124640","65187","47443","26748",""
"2026-07-28T01:41:10.296Z","0","40","64","1539223","142307","54388","27672","22610","44361","45156","23067",""
"2026-07-28T01:41:11.485Z","0","34","66","681007","241871","86884","20270","28759","16760","18273","9519",""
"2026-07-28T01:41:12.277Z","0","27","56","524923","184147","12018","32659","12261","14412","12663","9470",""
"2026-07-28T01:41:13.213Z","0","23","60","965998","18732","11431","1973","7403","2220","5971","2663",""
"2026-07-28T01:41:14.364Z","0","24","56","108131","41425","12293","9094","10955","16225","9773","2863",""
"2026-07-28T01:41:15.409Z","0","38","54","100690","13749","6250","1312","3674","5270","1888","1857",""
"2026-07-28T01:41:16.525Z","0","27","47","175471","28786","1014","1866","1342","741","619","351",""
"2026-07-28T01:41:17.424Z","0","27","48","14976","21466","10610","8741","7469","2476","1638","1493",""
"2026-07-28T01:41:18.438Z","0","26","53","30546","2843","1659","1345","952","1122","1227","741",""
"2026-07-28T01:41:21.486Z","0","24","60","232276","2275","685","1696","323","1126","660","256",""
"2026-07-28T01:41:22.320Z","0","35","78","107176","23443","20900","6788","2581","3599","3730","1431",""
"2026-07-28T01:41:23.424Z","0","27","70","460826","181588","38308","25902","13508","22478","27697","6159",""
"2026-07-28T01:41:24.145Z","0","14","64","113924","74366","7903","17710","3225","5028","5316","3760",""
"2026-07-28T01:41:24.870Z","0","14","48","211084","102710","5023","1784","1069","6433","7304","1455",""
"2026-07-28T01:41:25.669Z","0","8","37","353889","565616","93268","64530","25041","25731","58871","59542",""
"2026-07-28T01:41:27.469Z","0","4","35","119185","23619","3896","2557","989","1696","5110","1597",""
"2026-07-28T01:41:28.423Z","0","37","20","468530","21221","1347","4655","15347","81751","42213","24277",""
"2026-07-28T01:41:29.035Z","0","60","35","36759","6341","7585","4818","7482","20329","24317","8582",""
"2026-07-28T01:41:29.910Z","0","81","38","1653","1787","828","1531","1632","2535","2861","3205",""
"2026-07-28T01:41:30.829Z","0","100","40","32897","5593","1991","9739","14138","17420","13789","9098",""
"2026-07-28T01:41:32.358Z","0","97","53","87176","1602","1928","401","4557","4770","5913","4549",""
"2026-07-28T01:41:34.819Z","0","61","50","1273413","155684","50646","9710","12608","30982","29881","16698",""
"2026-07-28T01:41:35.611Z","0","50","40","103409","18558","463","1383","1625","6051","2695","993",""
"2026-07-28T01:41:36.474Z","0","56","44","169544","41333","14767","12495","12203","17470","8633","13190",""
"2026-07-28T01:41:38.053Z","0","54","43","1287911","131649","9444","52712","16727","45414","49728","7870",""
"2026-07-28T01:41:39.360Z","0","53","53","276385","8119","10483","4002","3883","3090","8721","5643",""
"2026-07-28T01:41:39.901Z","0","60","66","2470","12665","1799","13077","11594","17590","37949","13019",""
"2026-07-28T01:41:41.694Z","0","53","61","108539","29952","3601","4178","5627","4198","5636","9384",""
"2026-07-28T01:41:43.380Z","26","53","61","1299935","1721773","403122","353408","1073578","432242","145964","206708",""
"2026-07-28T01:41:49.920Z","0","40","30","15005","12229","1424","1386","3460","5194","1732","1866",""
"2026-07-28T01:41:50.484Z","0","48","57","97638","15086","5005","4507","13532","8014","4508","3305",""
"2026-07-28T01:41:50.904Z","0","47","57","11249","14572","1991","2753","14943","6011","1003","1489",""
"2026-07-28T01:41:51.702Z","0","38","54","12908","12199","6787","1049","4501","750","943","1134",""
"2026-07-28T01:42:00.726Z","0","47","47","7390","1793","1013","33","200","470","512","208",""
"2026-07-28T01:42:02.772Z","0","47","64","249574","292060","50281","26775","14174","36106","30458","2444",""
"2026-07-28T01:42:03.108Z","0","48","60","107375","7204","3882","2726","6977","1468","1940","383",""
"2026-07-28T01:42:05.947Z","0","51","51","9539","11010","2636","2025","5308","7229","1959","1877",""
"2026-07-28T01:42:06.829Z","0","51","40","17189","15163","2772","1165","10013","8660","10698","2909",""
"2026-07-28T01:42:08.070Z","0","24","40","201682","95507","38749","18062","17668","46979","32870","34435",""
"2026-07-28T01:42:08.767Z","0","23","38","630983","1070613","46648","19946","35346","29085","20237","5699",""
"2026-07-28T01:42:09.558Z","0","21","43","360980","15684","4947","1365","900","590","583","418",""
"2026-07-28T01:42:10.356Z","0","11","37","2761226","1085651","149296","39493","96466","66098","61748","13240",""
"2026-07-28T01:42:11.358Z","0","11","40","125001","52189","32900","36389","38241","44775","20519","4992",""
"2026-07-28T01:42:12.156Z","0","16","48","31703","317946","31255","21384","24092","15066","8244","5290",""
"2026-07-28T01:42:13.284Z","0","24","44","913117","599980","96107","96133","86545","63051","32495","30310",""
"2026-07-28T01:42:14.286Z","0","29","63","1983093","18797","22246","6744","2191","6113","5993","1146",""
"2026-07-28T01:42:15.900Z","0","8","53","75950","90043","1704","12690","1961","2264","1702","1487",""
"2026-07-28T01:42:18.432Z","0","16","53","1789458","488828","65936","31768","56324","70102","137940","47217",""
"2026-07-28T01:42:25.548Z","0","44","60","183449","64672","4603","15162","6202","9782","7108","2262",""
"2026-07-28T01:42:27.030Z","0","50","48","259465","84960","23138","6584","26894","26546","32845","12316",""
"2026-07-28T01:42:27.697Z","0","41","51","814322","129996","16443","58051","38751","32034","40780","26326",""
"2026-07-28T01:42:29.082Z","0","44","51","135264","22290","3999","6035","9684","5960","4957","2091",""
"2026-07-28T01:42:30.936Z","0","50","54","35356","13291","2209","1688","4617","3792","2019","1473",""
"2026-07-28T01:42:31.698Z","0","61","54","10842","11830","10384","4163","9250","17178","5984","4999",""
"2026-07-28T01:42:32.401Z","0","70","54","2072","2377","1166","758","2416","2733","1130","979",""
"2026-07-28T01:42:33.294Z","0","74","56","7976","5070","1944","6755","8795","4807","8842","1107",""
"2026-07-28T01:42:34.093Z","0","87","60","4112","2980","2553","3270","4599","10193","5537","3396",""
"2026-07-28T01:42:34.987Z","0","87","57","10135","5968","3027","1075","2254","6627","1750","717",""
"2026-07-28T01:42:36.528Z","0","83","53","12592","29828","5731","2503","12064","15308","18372","4551",""
"2026-07-28T01:42:37.326Z","0","91","37","7333","5457","1516","1259","22787","10041","4814","3663",""
"2026-07-28T01:42:38.124Z","0","74","40","15070","37997","7555","12961","3426","6768","11194","1669",""
"2026-07-28T01:42:39.097Z","0","63","30","375279","302659","8202","52650","127910","62712","11090","6531",""
"2026-07-28T01:42:39.925Z","0","50","35","1645292","56850","9878","5651","10184","5541","3836","2127",""
"2026-07-28T01:42:41.058Z","0","29","43","1269670","441932","64893","37113","38296","48887","48148","9103",""
"2026-07-28T01:42:42.096Z","0","37","38","1298797","332298","26070","151581","163320","140041","79582","71404",""
"2026-07-28T01:42:43.051Z","0","53","50","29542","1423","5098","12263","4291","31516","14978","7585",""
"2026-07-28T01:42:44.190Z","0","57","56","256884","40986","10537","14704","1569","9349","5161","11187",""
"2026-07-28T01:42:45.258Z","0","74","63","2257732","59691","26604","11691","13717","41508","5243","15465",""
"2026-07-28T01:42:46.447Z","0","63","67","646065","347683","138380","89764","30979","49600","99659","36766",""
"2026-07-28T01:42:47.238Z","0","43","57","77593","37446","3617","2856","2970","5160","4917","1240",""
"2026-07-28T01:42:48.037Z","0","41","44","1215796","132112","4965","15864","22831","19397","26668","5273",""
"2026-07-28T01:42:49.614Z","0","48","47","33318","5855","8086","11285","20952","23907","13873","11990",""
"2026-07-28T01:42:50.448Z","0","66","37","17340","24702","6462","5369","9382","33288","21110","10608",""
"2026-07-28T01:42:51.246Z","0","91","34","37645","9979","2092","3541","13794","39632","16905","5058",""
"2026-07-28T01:42:52.932Z","0","100","43","4873","5079","2522","1897","1302","5161","1870","1064",""
"2026-07-28T01:42:53.730Z","0","100","27","2155","5873","809","1776","3402","25122","15338","20274",""
"2026-07-28T01:42:54.636Z","0","100","40","42449","7662","10352","3183","8331","7120","10047","5326",""
"2026-07-28T01:42:55.435Z","0","94","53","8445","1069","1396","3072","5991","4486","2358","2360",""
"2026-07-28T01:42:56.226Z","0","93","54","6117","4853","4142","3468","4042","5845","2674","1469",""
"2026-07-28T01:42:57.252Z","0","77","63","2202","15151","2433","2452","4995","6786","841","862",""
"2026-07-28T01:42:58.044Z","0","69","64","27895","12797","4768","14510","10507","5365","5324","4283",""
"2026-07-28T01:42:58.854Z","0","60","69","54288","19952","19635","11932","18684","10328","3754","2065",""
"2026-07-28T01:42:59.868Z","0","67","66","3093","5102","5337","7477","6407","23739","3442","1255",""
"2026-07-28T01:43:00.829Z","0","70","66","3973","8431","962","2500","4045","7146","2863","4111",""
"2026-07-28T01:43:02.197Z","0","91","54","11528","3785","1112","4217","9215","15559","5343","5711",""
"2026-07-28T01:43:02.995Z","0","96","54","1752","3189","1465","3913","486","3661","2793","1336",""
"2026-07-28T01:43:03.865Z","0","90","63","3557","2133","3890","3093","1325","4889","10099","3041",""
"2026-07-28T01:43:05.082Z","0","90","67","6168","9557","1215","8088","6911","11289","7617","2119",""
"2026-07-28T01:43:05.941Z","0","81","77","2743","3267","3783","480","2234","3986","2298","4430",""
"2026-07-28T01:43:07.014Z","0","78","66","4103","11423","3088","2449","3030","6061","1662","2162",""
"2026-07-28T01:43:08.094Z","0","64","61","65115","27448","11233","12290","11453","5383","3608","2785",""
"2026-07-28T01:43:08.886Z","0","56","57","3466","17422","5771","1889","4216","5175","12275","1778",""
"2026-07-28T01:43:10.429Z","0","48","54","120697","18495","6615","549","1063","5022","1560","2034",""
"2026-07-28T01:43:11.832Z","0","47","57","52399","17142","8915","2774","5236","7903","1729","1900",""
"2026-07-28T01:43:13.002Z","0","51","61","10624","7159","9030","1332","3874","3435","1018","1900",""
"2026-07-28T01:43:13.705Z","0","56","61","5722","5421","1185","1561","2005","3048","1536","1840",""
"2026-07-28T01:43:14.718Z","0","57","60","4318","5503","846","1588","3444","1796","1549","1867",""
"2026-07-28T01:43:15.708Z","0","61","53","8376","3482","1180","915","6243","2192","3016","2776",""
"2026-07-28T01:43:17.838Z","0","64","53","7842","6103","2187","8606","2161","5578","2413","1426",""
"2026-07-28T01:43:20.515Z","0","66","64","2644","6537","697","1206","1486","2316","2048","1672",""
"2026-07-28T01:43:20.880Z","0","70","51","17027","4107","1038","516","1982","3163","2137","1535",""
"2026-07-28T01:43:22.134Z","0","67","48","6788","8310","2842","1418","2432","4454","1886","1225",""
"2026-07-28T01:43:24.522Z","0","41","61","1499","5643","4433","3968","4199","3755","2099","1494",""
"2026-07-28T01:43:25.950Z","0","38","57","5624","5991","379","1547","2319","1749","300","160",""
"2026-07-28T01:43:26.958Z","0","41","57","22925","14281","1439","6682","2343","2589","1332","1387",""
"2026-07-28T01:43:27.750Z","0","44","61","26605","13424","4468","2299","4014","2506","938","978",""
"2026-07-28T01:43:28.398Z","0","41","48","133337","20484","2163","3310","3290","4180","3493","2462",""
"2026-07-28T01:43:29.197Z","0","40","56","17953","10860","6424","3032","3183","3522","3346","3584",""
"2026-07-28T01:43:29.994Z","0","50","53","11630","6706","2684","1002","2157","4173","2294","1861",""
"2026-07-28T01:43:30.793Z","0","34","48","295285","550988","92896","33712","41480","5746","5395","3668",""
"2026-07-28T01:43:31.788Z","0","29","60","95736","33900","23045","3721","4620","5270","4475","9155",""
"2026-07-28T01:43:32.796Z","0","17","54","154290","46232","8466","7713","5026","1970","2073","448",""
"2026-07-28T01:43:33.624Z","0","13","64","6487","2594","3051","1486","978","1122","1162","1068",""
"2026-07-28T01:43:34.638Z","0","26","69","87110","44639","8991","9922","7406","3362","910","563",""
"2026-07-28T01:43:35.658Z","0","30","69","212575","13896","12631","3456","6501","5791","2585","1683",""
"2026-07-28T01:43:36.649Z","0","38","69","2628","6347","1577","601","260","703","509","492",""
"2026-07-28T01:43:38.340Z","0","40","74","26110","1456","3149","2964","1271","1568","4711","3009",""
"2026-07-28T01:43:39.294Z","0","51","70","613","1339","530","153","297","542","792","387",""
"2026-07-28T01:43:40.338Z","0","51","77","4178","9485","5458","10408","1309","4415","1384","2301",""
"2026-07-28T01:43:41.136Z","0","63","81","9686","4079","1202","2783","1056","2741","2897","1195",""
"2026-07-28T01:43:41.953Z","0","54","75","154950","22261","10320","8103","1652","3168","5527","5205",""
"2026-07-28T01:43:42.750Z","0","50","75","1024123","417626","62655","136883","173945","81545","72906","19740",""
"2026-07-28T01:43:44.490Z","0","53","74","1419632","46460","57866","30628","9306","39042","29695","32781",""
"2026-07-28T01:43:45.396Z","0","38","69","732040","92938","12741","20048","3535","6263","19600","4877",""
"2026-07-28T01:43:46.194Z","0","35","64","1442924","137041","41146","23630","5110","9108","22759","11821",""
"2026-07-28T01:43:46.992Z","0","34","70","2879004","114102","1748","81965","7788","21976","28290","16264",""
"2026-07-28T01:43:47.784Z","0","26","66","247345","246381","95940","75688","40125","44924","76598","10695",""
"2026-07-28T01:43:48.607Z","0","27","54","908095","234355","26116","6321","19193","18890","55224","18359",""
"2026-07-28T01:43:49.842Z","0","38","41","90698","22903","2660","1349","6405","4619","3665","2664",""
"2026-07-28T01:43:50.803Z","0","41","27","115216","46303","3357","4879","4797","8509","1921","4805",""
"2026-07-28T01:43:51.690Z","0","51","23","12242","6697","2697","698","1087","3835","1379","1062",""
"2026-07-28T01:43:52.656Z","0","63","38","193930","49675","39502","20597","28746","40291","101576","42486",""
"2026-07-28T01:43:53.562Z","0","67","40","267614","43135","3300","6544","6422","15066","7586","9478",""
"2026-07-28T01:43:54.768Z","0","66","44","336457","267832","73990","13129","65175","50805","22577","31247",""
"2026-07-28T01:43:55.806Z","26","66","44","1323378","64108","30408","21523","17587","18222","16448","19742",""
"2026-07-28T01:43:56.856Z","26","66","44","2181187","363188","122835","230489","86589","21600","85236","40209",""
"2026-07-28T01:43:57.882Z","26","66","44","1289609","274887","42519","96369","25253","25792","66749","56824",""
"2026-07-28T01:43:59.070Z","0","60","43","229201","3230","601","918","1424","762","406","397",""
"2026-07-28T01:44:00.072Z","0","53","34","2089217","276203","41427","26792","81818","42895","63245","4795",""
"2026-07-28T01:44:00.864Z","0","41","51","344185","26640","8065","22916","1591","3973","3418","1915",""
"2026-07-28T01:44:02.130Z","0","40","70","56394","2222","5714","1290","814","1066","1828","573",""
"2026-07-28T01:44:02.928Z","0","38","70","91584","126193","35314","12291","18671","21802","11095","19487",""
"2026-07-28T01:44:03.726Z","0","44","87","47400","22236","29474","8286","8675","16613","24116","6659",""
"2026-07-28T01:44:04.734Z","0","56","78","65435","10464","10256","2516","10403","8211","6048","3320",""
"2026-07-28T01:44:05.658Z","0","60","57","42728","12444","473","3715","4231","3238","5174","2723",""
"2026-07-28T01:44:06.895Z","0","69","63","14174","7172","3791","3509","4032","6318","1405","2580",""
"2026-07-28T01:44:08.238Z","0","67","56","60215","13970","8966","1094","1829","5482","6051","1795",""
"2026-07-28T01:44:09.036Z","0","57","51","26350","11932","692","3079","1344","1866","2676","984",""
"2026-07-28T01:44:09.828Z","51","57","51","952345","158520","3443","20349","25740","8584","9550","11923",""
"2026-07-28T01:44:10.656Z","0","51","48","1091284","147224","15227","11558","25726","13084","9769","4330",""
"2026-07-28T01:44:11.658Z","0","47","47","879150","65783","12763","26948","25978","16830","14388","8097",""
"2026-07-28T01:44:12.786Z","0","51","40","656906","134213","57711","42512","110777","118934","56691","21891",""
"2026-07-28T01:44:13.956Z","0","47","44","807495","111960","21986","23123","3162","9823","13299","11766",""
"2026-07-28T01:44:14.754Z","0","53","53","188988","5574","293","2800","1834","1300","1887","1056",""
"2026-07-28T01:44:15.553Z","0","51","64","3531","1925","2605","1041","407","865","860","162",""
"2026-07-28T01:44:16.680Z","0","44","74","5145","4198","4574","553","1688","1850","687","436",""
"2026-07-28T01:44:17.478Z","0","48","66","17690","8999","1284","627","1285","1026","494","135",""
"2026-07-28T01:44:19.086Z","0","47","74","483772","187488","129546","55370","18489","48376","19231","23913",""
"2026-07-28T01:44:19.884Z","0","41","48","921818","680517","35839","48199","67392","54952","130231","115166",""
"2026-07-28T01:44:20.676Z","0","37","44","1762458","119211","54181","18018","15395","16883","33491","7286",""
"2026-07-28T01:44:21.882Z","0","26","60","688818","344899","180117","133792","84565","18228","21182","36322",""
"2026-07-28T01:44:22.674Z","0","20","60","809293","126334","75563","39779","12950","11977","24779","3441",""
"2026-07-28T01:44:23.484Z","0","20","60","108217","35844","2255","2304","7134","3512","3133","2081",""
"2026-07-28T01:44:24.510Z","0","11","48","789282","203541","30000","3198","29773","7257","18906","10034",""
"2026-07-28T01:44:25.560Z","0","20","47","761374","72296","23066","27870","7219","8634","26802","5237",""
"2026-07-28T01:44:26.790Z","0","27","35","752249","128865","23708","19302","24224","25616","30080","22637",""
"2026-07-28T01:44:28.951Z","0","26","37","781190","137661","10036","6434","16838","11767","11433","6144",""
"2026-07-28T01:44:29.886Z","0","29","41","1701183","87169","11536","15406","8810","5617","2740","5710",""
"2026-07-28T01:44:31.050Z","0","23","44","217254","52486","34742","12255","10382","9241","3579","1155",""
"2026-07-28T01:44:31.842Z","0","20","51","12526","21189","2880","1809","741","1398","1209","525",""
"2026-07-28T01:44:32.640Z","0","23","41","553032","64158","1329","6136","5698","4926","5479","2037",""
"2026-07-28T01:44:33.498Z","0","37","44","7294","12498","6050","5006","5159","5942","2104","1439",""
"2026-07-28T01:44:34.699Z","0","44","40","25158","7564","4886","2038","4543","5219","2717","1464",""
"2026-07-28T01:44:35.928Z","0","56","35","15840","27235","1916","2591","4777","7610","5148","1745",""
"2026-07-28T01:44:37.110Z","0","64","54","25412","6611","4509","4979","2931","3451","1308","780",""
"2026-07-28T01:44:37.914Z","0","66","44","638","2888","487","450","1369","1387","990","452",""
"2026-07-28T01:44:39.240Z","0","63","53","716120","102889","88473","62413","38565","54052","39613","10582",""
"2026-07-28T01:44:40.038Z","0","56","61","286258","24257","5149","2290","1173","2894","3002","2101",""
"2026-07-28T01:44:41.484Z","0","75","40","2055","2470","686","2597","9802","19355","23464","6008",""
"2026-07-28T01:44:43.104Z","0","94","37","11643","6444","2450","5238","2916","14754","5897","2632",""
"2026-07-28T01:44:44.275Z","0","100","35","6984","6326","1892","2606","5036","6415","5299","2539",""
"2026-07-28T01:44:45.499Z","0","100","41","6331","5011","3020","1597","2506","17241","7336","2856",""
"2026-07-28T01:44:46.428Z","0","87","29","266012","121375","4951","4452","10786","14487","6054","7378",""
"2026-07-28T01:44:47.112Z","0","81","30","2385","6228","2021","4757","1416","6734","10092","5892",""
"2026-07-28T01:44:48.211Z","0","80","34","15140","13145","3182","6090","7584","10082","4401","4608",""
"2026-07-28T01:44:49.422Z","0","77","37","3137","3272","3334","1420","3781","9831","4717","2466",""
"2026-07-28T01:44:50.346Z","0","70","51","6867","8448","1552","1408","687","701","421","252",""
"2026-07-28T01:44:51.277Z","0","63","41","57071","11207","1459","708","1789","2305","625","350",""
"2026-07-28T01:44:52.536Z","51","63","41","923936","23973","27169","22877","92826","73963","3756","7778",""
"2026-07-28T01:44:53.202Z","26","63","41","373138","22891","722","2338","3091","2928","3106","832",""
"2026-07-28T01:44:54.001Z","0","50","43","631660","267216","52100","55065","22844","26694","56144","21907",""
"2026-07-28T01:44:54.792Z","0","30","35","1392528","1049024","55442","77773","120146","106040","65280","31595",""
"2026-07-28T01:44:55.788Z","0","38","37","1251219","19877","13876","1392","14440","4885","2929","1837",""
"2026-07-28T01:44:56.839Z","0","54","37","17959","741","45","520","580","2425","1763","461",""
"2026-07-28T01:44:57.630Z","0","56","38","66731","36913","13574","7169","6033","6558","2921","2380",""
"2026-07-28T01:44:59.160Z","0","67","48","2366","1694","291","1030","1040","1238","634","333",""
"2026-07-28T01:45:00.534Z","0","78","53","3213","921","1451","1721","2028","2244","1006","517",""
"2026-07-28T01:45:01.206Z","0","63","56","1051451","51041","6838","9386","6015","17342","34903","9795",""
"2026-07-28T01:45:01.933Z","0","84","50","10610","4129","530","7012","8440","23549","9777","3340",""
"2026-07-28T01:45:02.731Z","0","91","51","15253","6392","5021","4710","2494","17217","11311","7578",""
"2026-07-28T01:45:03.522Z","0","94","50","3329","393","1745","1725","2880","3805","3809","1551",""
"2026-07-28T01:45:04.398Z","0","94","61","20105","8302","7445","2908","1181","4397","3959","1847",""
"2026-07-28T01:45:05.754Z","0","88","63","26822","9742","1793","8569","16029","17080","17230","5173",""
"2026-07-28T01:45:06.552Z","0","81","54","21934","24970","2638","4675","12786","12311","6372","4400",""
"2026-07-28T01:45:07.344Z","0","70","53","19696","14353","4664","3271","935","5154","9775","2772",""
"2026-07-28T01:45:08.844Z","0","70","40","361380","20809","2462","6085","9680","7114","9575","3631",""
"2026-07-28T01:45:10.483Z","0","69","47","10024","15804","9825","7155","3650","21299","12208","3882",""
"2026-07-28T01:45:11.490Z","0","66","57","36864","17854","9358","10430","13500","9435","5432","1948",""
"2026-07-28T01:45:12.768Z","0","75","50","4392","7820","2152","2315","6826","11171","5892","2744",""
"2026-07-28T01:45:13.650Z","0","80","47","8862","15614","2656","2525","8038","10151","6953","5234",""
"2026-07-28T01:45:14.424Z","0","78","44","21999","5746","3734","8233","17101","7340","7973","4071",""
"2026-07-28T01:45:15.906Z","0","91","35","1566","693","467","198","293","2184","1602","657",""
"2026-07-28T01:45:17.274Z","0","80","44","21414","23344","4881","8674","5158","6775","10690","1675",""
"2026-07-28T01:45:18.060Z","0","87","40","8651","3488","541","3210","3445","9389","5617","3810",""
"2026-07-28T01:45:18.972Z","0","74","40","18859","14492","541","4167","2409","4958","5687","3257",""
"2026-07-28T01:45:19.770Z","0","80","38","73344","6347","814","1652","1573","7797","3777","3901",""
"2026-07-28T01:45:21.126Z","0","90","34","11099","10288","1774","2855","3117","10527","15528","2155",""
"2026-07-28T01:45:22.500Z","0","77","50","11059","7992","11539","7378","1430","6425","11142","2719",""
"2026-07-28T01:45:23.142Z","0","84","51","5747","3867","2385","4029","6936","10173","10852","4851",""
"2026-07-28T01:45:24.006Z","0","78","63","11058","24689","13586","4792","2337","17186","6975","3089",""
"2026-07-28T01:45:24.805Z","0","84","60","2093","2778","151","2459","1818","12237","6140","3126",""
"2026-07-28T01:45:25.596Z","0","94","44","17002","2832","150","3574","4701","5273","9341","2089",""
"2026-07-28T01:45:26.394Z","0","87","47","15140","16329","9970","1379","11371","8181","7004","4816",""
"2026-07-28T01:45:27.360Z","0","67","41","1125903","205549","39513","17141","6649","7778","9886","4107",""
"2026-07-28T01:45:28.590Z","0","53","43","163197","24643","4016","2558","1662","7848","6507","1854",""
"2026-07-28T01:45:30.127Z","0","48","40","16315","11273","2371","7614","16888","10178","7345","4114",""
"2026-07-28T01:45:31.818Z","0","38","30","90799","42372","3937","2299","1281","2951","1633","1684",""
"2026-07-28T01:45:33.462Z","0","61","21","11550","6060","1100","3326","12359","17985","22964","6454",""
"2026-07-28T01:45:33.960Z","0","60","20","19781","3901","984","1317","3322","2088","1499","1365",""
"2026-07-28T01:45:34.746Z","0","61","34","38628","14343","8082","3721","8317","1837","2482","4138",""
"2026-07-28T01:45:35.544Z","0","64","47","12045","7987","2181","3106","1206","3098","2362","1276",""
"2026-07-28T01:45:36.534Z","0","48","57","33730","17067","5095","6562","3878","3880","5088","1606",""
"2026-07-28T01:45:37.326Z","0","40","64","46605","17065","4170","6491","4542","3233","6852","2723",""
"2026-07-28T01:45:38.226Z","0","43","66","7442","4482","2004","1951","1469","1239","2016","901",""
"2026-07-28T01:45:39.120Z","0","38","67","47331","32946","14202","5294","1354","5812","5185","3039",""
"2026-07-28T01:45:40.320Z","0","29","74","23705","23770","16614","12170","9010","2289","2051","1411",""
"2026-07-28T01:45:41.142Z","0","34","80","26665","13939","11097","6501","5403","4618","3072","1167",""
"2026-07-28T01:45:42.114Z","0","34","69","26096","27559","2960","4203","2814","4937","10630","1041",""
"2026-07-28T01:45:43.195Z","0","37","80","11319","6060","13094","5845","1782","4753","2446","1299",""
"2026-07-28T01:45:44.310Z","0","50","67","2473","1275","331","302","525","605","566","411",""
"2026-07-28T01:45:45.114Z","0","60","60","33925","5519","1820","3371","4942","5874","1898","792",""
"2026-07-28T01:45:46.152Z","0","56","75","13401","6150","6710","6305","5886","1803","1288","1791",""
"2026-07-28T01:45:47.196Z","0","53","66","35961","11879","3576","6296","2022","2438","1325","2047",""
"2026-07-28T01:45:48.168Z","0","43","70","67202","35593","14636","6846","7822","4438","1441","2637",""
"2026-07-28T01:45:49.134Z","0","20","53","198353","151621","3522","4590","4092","3306","1815","3891",""
"2026-07-28T01:45:50.826Z","0","23","40","702015","187288","28317","28138","23662","33098","5898","5942",""
"2026-07-28T01:45:51.624Z","0","17","34","186740","55641","12283","8755","5576","3877","4220","4069",""
"2026-07-28T01:45:52.422Z","0","37","21","182843","17747","3812","2807","6966","25185","10226","2570",""
"2026-07-28T01:45:53.346Z","0","51","41","20997","9085","1678","4988","5304","3307","2505","996",""
"2026-07-28T01:45:54.210Z","0","63","38","7825","7043","1750","1090","1904","7211","3069","1556",""
"2026-07-28T01:45:55.170Z","0","78","40","18040","7340","1474","3247","1478","4107","1791","1237",""
"2026-07-28T01:45:56.250Z","0","67","50","41097","6041","896","3169","2922","2309","3031","1402",""
"2026-07-28T01:45:57.534Z","0","69","63","9782","1738","4445","2592","1473","2219","1027","430",""
"2026-07-28T01:45:58.818Z","0","57","78","25322","9832","11656","3427","3266","4117","2407","2361",""
"2026-07-28T01:45:59.616Z","0","40","66","354255","191381","14410","8500","4694","5888","5013","1392",""
"2026-07-28T01:46:01.494Z","0","35","70","679484","71989","39054","34338","28694","20267","13064","10634",""
"2026-07-28T01:46:04.531Z","0","41","81","78829","19464","24794","6981","4427","8599","4884","3529",""
"2026-07-28T01:46:05.592Z","0","50","80","115992","4531","3148","1261","651","3705","1777","629",""
"2026-07-28T01:46:06.990Z","0","56","60","118905","40667","5003","10725","2004","3891","6846","1703",""
"2026-07-28T01:46:07.770Z","0","56","50","112026","36710","13108","6372","10458","7906","8824","2004",""
"2026-07-28T01:46:08.550Z","0","47","51","15595","11744","4917","10253","7859","3024","5508","3340",""
"2026-07-28T01:46:09.349Z","0","41","64","11518","6128","991","3597","667","2919","1247","290",""
"2026-07-28T01:46:10.338Z","0","38","69","281810","180345","81331","75169","40871","16715","22511","11853",""
"2026-07-28T01:46:12.366Z","0","29","56","628053","88325","6078","4078","6161","4051","3507","2207",""
"2026-07-28T01:46:17.748Z","0","40","56","4244","2316","715","306","856","691","763","506",""
"2026-07-28T01:46:18.804Z","0","50","74","1360","4064","4834","2034","1498","2512","1924","558",""
"2026-07-28T01:46:19.602Z","0","43","66","15219","22318","7876","5974","5229","1992","5155","1692",""
"2026-07-28T01:46:20.400Z","0","43","75","40905","12157","8327","3805","5115","5118","4588","2969",""
"2026-07-28T01:46:21.768Z","0","34","69","138179","53440","17265","2585","2837","3019","2877","1107",""
"2026-07-28T01:46:22.566Z","0","29","64","1321721","125216","47064","50826","48364","29519","12437","5852",""
"2026-07-28T01:46:33.054Z","0","47","24","16004","48264","2330","1761","6957","2985","1350","1935",""
"2026-07-28T01:46:37.230Z","0","60","87","1675","3817","16892","657","1453","1705","1251","441",""
"2026-07-28T01:46:38.004Z","0","51","83","28307","4642","4439","2162","2397","2375","1596","2205",""
"2026-07-28T01:46:39.060Z","0","57","63","6270","6260","3203","313","2712","1970","1157","337",""
"2026-07-28T01:46:39.978Z","0","61","67","1595","3562","3801","4194","557","4984","1856","1322",""
"2026-07-28T01:46:40.728Z","0","53","57","25417","12264","1248","657","758","855","1714","514",""
"2026-07-28T01:46:41.886Z","0","56","51","6579","3234","962","1324","1334","2180","694","502",""
"2026-07-28T01:46:42.666Z","0","50","60","698251","107937","63885","79051","42625","19928","10299","17817",""
"2026-07-28T01:46:43.458Z","0","40","60","1202151","24463","17931","14200","4945","5790","2688","1974",""
"2026-07-28T01:46:45.336Z","0","37","63","210325","104944","15205","5490","4257","5035","2405","1922",""
"2026-07-28T01:46:46.632Z","0","24","61","86007","177336","57843","4571","18696","16288","4480","2490",""
"2026-07-28T01:46:47.760Z","0","17","44","99746","44985","6402","3621","4140","2176","4128","793",""
"2026-07-28T01:46:48.556Z","0","24","56","44525","22221","11461","8438","5181","3954","3224","6083",""
"2026-07-28T01:46:49.632Z","0","23","54","182893","112770","48728","30487","19815","14487","26805","21951",""
"2026-07-28T01:46:50.425Z","0","23","57","133974","12821","6346","1127","1224","1537","1181","484",""
"2026-07-28T01:46:51.222Z","0","34","70","525347","32742","27661","4842","4633","8928","7968","4396",""
"2026-07-28T01:46:53.670Z","0","38","77","12890","787","2528","213","1121","746","1257","483",""
"2026-07-28T01:46:54.672Z","0","47","78","25435","24127","1995","9280","3282","2049","2668","2236",""
"2026-07-28T01:46:55.440Z","0","50","77","27133","15354","7861","5039","2074","4931","3912","1351",""
"2026-07-28T01:46:56.238Z","0","61","67","967","396","741","380","355","1571","419","604",""
"2026-07-28T01:46:57.360Z","0","60","75","3717","1354","1989","5271","1237","2055","3424","1805",""
"2026-07-28T01:46:58.158Z","0","63","78","11882","6401","2362","4204","3750","1401","4813","1625",""
"2026-07-28T01:47:01.200Z","0","61","74","5008","4532","1382","514","676","911","1148","192",""
"2026-07-28T01:47:10.932Z","0","56","60","21092","10456","2239","3097","2342","3426","1223","1120",""
"2026-07-28T01:47:11.304Z","0","40","67","134556","57084","34191","3614","3708","5035","5165","5150",""
"2026-07-28T01:47:11.850Z","0","37","60","1610090","303116","80134","8420","13199","45082","53724","8892",""
"2026-07-28T01:47:20.442Z","0","69","43","11470","11265","6326","540","2417","2551","2834","802",""
"2026-07-28T01:47:21.019Z","0","57","56","11829","5984","3879","5216","3076","2758","1851","1728",""
"2026-07-28T01:47:21.576Z","0","40","53","16273","21101","2837","1832","2334","1498","2885","2306",""
"2026-07-28T01:47:23.010Z","0","38","53","15444","13522","6696","2829","4846","2112","2295","1621",""
"2026-07-28T01:47:23.808Z","0","41","61","9689","7484","663","6932","1309","3984","3559","2242",""
"2026-07-28T01:47:24.475Z","0","41","64","1640","7592","11244","1228","1402","3625","2725","825",""
"2026-07-28T01:47:25.266Z","0","53","74","2651","11567","2664","4859","1414","4629","2544","828",""
"2026-07-28T01:47:26.112Z","0","63","77","2419","1392","2308","427","644","1837","691","185",""
"2026-07-28T01:47:26.916Z","0","57","80","35181","6696","5207","3929","2363","2073","2566","1105",""
"2026-07-28T01:47:28.320Z","0","70","64","7618","1144","1031","2737","7647","6038","6558","1365",""
"2026-07-28T01:47:29.395Z","0","81","61","12566","2128","1284","2116","4206","5103","2494","4306",""
"2026-07-28T01:47:30.756Z","0","83","57","9380","4728","2766","3122","2083","5996","4066","1938",""
"2026-07-28T01:47:32.328Z","0","81","60","3785","18225","19411","6131","4968","4523","4684","1054",""
"2026-07-28T01:47:33.199Z","0","67","67","18152","15788","8864","5258","3931","5205","1181","558",""
"2026-07-28T01:47:34.326Z","0","61","67","8601","1389","737","396","1099","942","465","360",""
"2026-07-28T01:47:35.460Z","0","61","43","2715","2262","1106","1129","259","1503","588","329",""
"2026-07-28T01:47:36.714Z","0","63","43","39046","8483","3103","4640","2126","3274","3953","1308",""
"2026-07-28T01:47:45.468Z","0","53","69","7943","7686","271","2717","2874","2350","3509","1312",""
"2026-07-28T01:47:46.368Z","0","66","48","16367","15193","12273","5522","11870","4240","4970","754",""
"2026-07-28T01:47:47.166Z","0","63","53","55907","5222","5825","3780","4753","4313","3003","3124",""
"2026-07-28T01:47:48.144Z","0","60","54","8675","15540","2656","3068","3085","3288","2454","3212",""
"2026-07-28T01:47:49.590Z","0","56","57","7400","7871","1566","2889","3257","5530","2836","1045",""
"2026-07-28T01:47:50.670Z","0","67","50","14943","2620","710","1068","1157","2634","1170","596",""
"2026-07-28T01:47:51.444Z","0","69","50","10688","4718","6441","1914","5332","4213","4765","1729",""
"2026-07-28T01:47:52.242Z","0","77","57","43616","3776","1936","3255","1376","3726","4331","688",""
"2026-07-28T01:47:53.496Z","0","77","61","9635","6204","2337","1910","1894","4424","4660","914",""
"2026-07-28T01:47:55.056Z","0","64","60","3141","13404","753","3884","4624","1901","3106","1488",""
"2026-07-28T01:47:56.094Z","0","60","47","106767","40784","5287","3107","6387","9354","3945","2585",""
"2026-07-28T01:47:57.324Z","0","37","16","404888","195657","12229","33570","16860","5893","16414","13226",""
"2026-07-28T01:47:58.980Z","0","48","7","56010","36664","1912","5182","10534","22246","5097","1726",""
"2026-07-28T01:48:00.660Z","0","47","35","49175","68163","16478","8604","7160","9555","1650","2696",""
"2026-07-28T01:48:01.662Z","0","63","44","3043","6410","3270","2596","1841","2455","1322","334",""
"2026-07-28T01:48:02.718Z","0","56","63","12633","8995","1924","5300","880","3407","6271","1614",""
"2026-07-28T01:48:04.992Z","0","41","54","17057","31610","3292","4561","2939","2429","2697","1167",""
"2026-07-28T01:48:10.158Z","0","61","54","1233730","271130","46878","40424","53727","45038","64062","22564",""
"2026-07-28T01:48:10.494Z","0","56","47","655381","107314","20923","21028","13187","8883","17130","10274",""
"2026-07-28T01:48:11.424Z","0","47","43","9274","5838","2017","2302","748","4737","2303","628",""
"2026-07-28T01:48:12.210Z","0","47","48","16887","5908","1722","2073","1101","1294","1150","489",""
"2026-07-28T01:48:13.368Z","0","61","47","26537","9212","4486","875","7415","5874","1387","1787",""
"2026-07-28T01:48:14.166Z","0","66","53","6930","4019","3642","1634","4092","3295","1038","1066",""
"2026-07-28T01:48:15.126Z","0","67","51","9873","3186","350","2421","1704","3745","3260","1053",""
"2026-07-28T01:48:15.918Z","0","78","44","93913","4694","1360","1280","2361","3644","1465","2021",""
"2026-07-28T01:48:16.872Z","0","69","47","3817","20074","2882","3871","1813","3799","2687","992",""
"2026-07-28T01:48:17.748Z","0","67","60","1664","714","1077","1740","259","859","493","162",""
"2026-07-28T01:48:18.630Z","0","69","54","13638","6411","628","3056","5125","7468","4385","1053",""
"2026-07-28T01:48:19.938Z","0","64","51","5330","11137","1561","1690","2065","3837","1298","501",""
"2026-07-28T01:48:20.760Z","0","75","54","6399","3601","4233","991","4236","5000","1399","1091",""
"2026-07-28T01:48:21.564Z","0","74","48","1229","2725","2637","2441","1967","1452","1535","1543",""
"2026-07-28T01:48:22.987Z","0","66","47","6057","19605","3506","1687","5091","7930","2718","827",""
"2026-07-28T01:48:26.232Z","0","74","56","11142","2510","2408","1962","2568","4038","1004","1068",""
"2026-07-28T01:48:29.076Z","0","64","56","12294","7867","2309","2565","734","2688","1449","885",""
"2026-07-28T01:48:30.276Z","0","57","57","3812","14978","6147","2892","1355","2888","2206","1351",""
"2026-07-28T01:48:30.966Z","0","41","61","10125","19872","16385","1768","5618","2712","1476","1900",""
"2026-07-28T01:48:32.358Z","0","53","61","2334","20371","7047","3119","6871","3150","3028","624",""
"2026-07-28T01:48:33.150Z","0","60","69","11133","8402","4624","5978","3230","4211","3397","1349",""
"2026-07-28T01:48:33.948Z","0","60","66","8570","4343","2213","2920","3176","2910","7085","1043",""
"2026-07-28T01:48:34.740Z","0","57","74","10357","2801","5726","2240","1123","3458","1100","980",""
"2026-07-28T01:48:35.538Z","0","60","87","11010","3779","4093","4388","1444","1704","1558","699",""
"2026-07-28T01:48:37.008Z","0","54","81","3520","17825","6413","2213","4137","2592","2639","715",""
"2026-07-28T01:48:37.806Z","0","54","75","7931","11744","3981","1218","682","6131","3986","1411",""
"2026-07-28T01:48:38.598Z","0","53","66","7754","10707","1975","7232","1907","4815","2104","1890",""
"2026-07-28T01:48:39.612Z","0","61","57","6142","5538","5304","2509","2724","6757","2427","1853",""
"2026-07-28T01:48:40.530Z","0","69","57","6880","6709","2886","2354","3801","3581","5352","1475",""
"2026-07-28T01:48:41.449Z","0","64","66","5814","3121","1703","1017","911","964","557","275",""
"2026-07-28T01:48:42.612Z","0","66","67","11921","3537","2765","2890","1952","3262","2550","1567",""
"2026-07-28T01:48:43.434Z","0","63","66","798","4952","1582","2406","1625","2312","3529","1068",""
"2026-07-28T01:48:44.592Z","0","60","74","10235","3253","2709","5850","6040","2267","1760","1216",""
"2026-07-28T01:48:45.826Z","0","66","75","8472","2499","1894","2867","2499","3024","2002","1411",""
"2026-07-28T01:48:46.758Z","0","53","64","245085","56284","9400","9497","7252","4486","3173","1178",""
"2026-07-28T01:48:47.718Z","0","40","69","6364","33801","12600","14569","2135","2845","1459","1136",""
"2026-07-28T01:48:48.636Z","0","43","64","3039","1618","1299","586","1059","1034","415","541",""
"2026-07-28T01:48:49.494Z","0","38","61","2058","7444","1376","4199","1228","2524","3414","1203",""
"2026-07-28T01:48:50.562Z","0","41","74","10826","9161","646","12369","4158","2024","1225","1639",""
"2026-07-28T01:48:51.648Z","0","54","69","14383","6676","4553","3157","2968","4253","5715","1431",""
"2026-07-28T01:48:52.464Z","0","61","61","2574","4595","2004","423","1551","4799","4182","1020",""
"2026-07-28T01:48:53.388Z","0","66","60","4268","5817","3260","3091","4500","4280","3384","1716",""
"2026-07-28T01:48:54.360Z","0","63","48","27810","26761","7493","2638","5951","2515","2609","1755",""
"2026-07-28T01:48:55.470Z","0","63","37","17330","8253","1749","1007","3146","3371","1919","2604",""
"2026-07-28T01:48:56.436Z","0","60","40","5330","5558","669","5493","6684","4151","1410","2609",""
"2026-07-28T01:48:58.368Z","0","57","37","5057","9071","685","3946","4356","4758","3095","1701",""
"2026-07-28T01:48:59.167Z","0","63","48","6294","8482","9078","4500","4075","2794","1455","2027",""
"2026-07-28T01:48:59.958Z","0","56","60","2804","3237","2297","338","689","822","315","172",""
"2026-07-28T01:49:00.756Z","0","60","60","635","1716","442","1110","739","1714","715","498",""
"2026-07-28T01:49:01.548Z","0","64","66","13308","4328","2812","4532","2375","7708","1620","1217",""
"2026-07-28T01:49:02.478Z","0","70","61","1579","4986","5959","898","3651","4039","10146","4553",""
"2026-07-28T01:49:03.666Z","0","75","50","7943","21437","2366","3566","3770","5977","6054","2566",""
"2026-07-28T01:49:04.458Z","0","74","51","4871","4614","1509","5088","5328","4353","4826","2144",""
"2026-07-28T01:49:05.430Z","0","67","51","10470","9363","3995","5281","4760","6937","6369","1672",""
"2026-07-28T01:49:06.378Z","0","67","50","115565","32291","13690","15999","6304","24401","9467","2651",""
"2026-07-28T01:49:07.458Z","0","75","37","42310","50125","679","1551","23503","24474","18941","10159",""
"2026-07-28T01:49:08.346Z","0","66","30","818403","39135","5608","3846","2024","6661","6972","1165",""
"2026-07-28T01:49:09.360Z","0","70","26","91944","8556","2661","897","1677","7528","6821","1132",""
"2026-07-28T01:49:10.404Z","0","74","26","620856","61372","22591","29642","26093","48806","25419","8740",""
"2026-07-28T01:49:11.568Z","0","81","47","17152","4604","2294","2834","3502","15451","14450","4615",""
"2026-07-28T01:49:12.456Z","0","96","47","855","2071","461","980","1153","3927","1874","945",""
"2026-07-28T01:49:13.428Z","0","100","41","7155","9218","1665","992","6941","10353","3919","3162",""
"2026-07-28T01:49:14.544Z","0","100","38","3553","5414","1747","2964","4614","11975","8469","7454",""
"2026-07-28T01:49:15.516Z","0","100","43","5707","1664","8661","6683","11436","20809","12928","2865",""
"2026-07-28T01:49:16.392Z","0","93","50","5849","13566","3736","6744","3106","6538","14505","1842",""
"2026-07-28T01:49:17.376Z","0","93","53","3896","12523","676","5735","9273","16061","5981","11685",""
"2026-07-28T01:49:18.384Z","0","69","60","1860341","2269030","770289","372428","147164","194807","206494","62572",""
"2026-07-28T01:49:19.584Z","0","48","61","1089219","347782","167077","45806","16448","32560","33694","10269",""
"2026-07-28T01:49:20.658Z","0","40","67","199026","72006","71218","24166","8768","14545","9449","5443",""
"2026-07-28T01:49:21.450Z","0","37","70","662","1949","337","1048","1712","1898","1229","723",""
"2026-07-28T01:49:22.338Z","0","48","67","15933","21189","6621","4706","13883","7812","7493","2755",""
"2026-07-28T01:49:23.844Z","0","63","57","6268","11065","888","2773","2995","6608","9635","2332",""
"2026-07-28T01:49:24.642Z","0","64","66","99504","12175","47061","20719","6786","7693","7950","6254",""
"2026-07-28T01:49:25.434Z","0","38","54","123479","142341","2802","7187","4566","2560","13256","8896",""
"2026-07-28T01:49:26.724Z","0","47","56","18583","19556","7854","8019","5681","25674","13480","9245",""
"2026-07-28T01:49:27.810Z","0","51","56","2349","7732","2681","2816","10423","11283","9956","4543",""
"2026-07-28T01:49:28.632Z","0","69","35","12316","5389","1576","3191","4218","11214","5537","4269",""
"2026-07-28T01:49:29.460Z","0","91","51","5923","7003","1922","5042","3742","4769","5847","1962",""
"2026-07-28T01:49:30.318Z","0","91","51","16720","5533","3176","2690","4872","7183","2997","3929",""
"2026-07-28T01:49:31.488Z","0","91","54","3465","2383","1554","1086","2679","4407","2867","1588",""
"2026-07-28T01:49:32.772Z","0","88","63","12646","2722","3925","3434","3765","7538","5492","1122",""
"2026-07-28T01:49:33.570Z","0","84","66","7177","9835","8028","6296","7577","4368","2416","2040",""
"2026-07-28T01:49:34.638Z","0","63","66","25453","44608","2710","14482","7189","2506","1325","1195",""
"2026-07-28T01:49:35.700Z","0","51","74","52001","15627","10179","8399","10353","6253","1617","1190",""
"2026-07-28T01:49:36.492Z","0","44","70","18114","25311","12384","10085","13300","13325","3273","2935",""
"2026-07-28T01:49:37.674Z","0","38","67","918766","119890","7620","60263","26172","14890","36408","31386",""
"2026-07-28T01:49:39.624Z","0","43","69","1692653","117685","19191","33629","4369","13393","14309","3555",""
"2026-07-28T01:49:40.830Z","0","44","70","66933","20884","22367","8889","4112","12357","11166","4736",""
"2026-07-28T01:49:42.343Z","0","57","66","22377","5786","5157","3425","7356","9276","4656","5738",""
"2026-07-28T01:49:43.446Z","0","66","63","20389","27277","1673","7351","5683","7914","10391","9007",""
"2026-07-28T01:49:44.028Z","0","78","54","4850","1225","1236","3660","7316","6778","3670","2397",""
"2026-07-28T01:49:44.874Z","0","67","61","66916","27542","13417","6982","4900","2496","2954","1053",""
"2026-07-28T01:49:45.672Z","0","54","64","21061","18561","12934","1970","3063","4090","2306","1817",""
"2026-07-28T01:49:46.470Z","0","50","66","3293","5962","943","1114","1078","1018","706","356",""
"2026-07-28T01:49:47.262Z","0","40","80","8880","1030","4336","2490","1699","2350","2996","1149",""
"2026-07-28T01:49:48.606Z","0","47","80","4842","5905","5188","931","2545","1555","1633","1366",""
"2026-07-28T01:49:49.398Z","0","48","83","5885","4564","2508","4791","3534","1655","1667","745",""
"2026-07-28T01:49:50.340Z","0","44","77","5499","24243","3211","1177","3070","2236","865","1571",""
"2026-07-28T01:49:51.385Z","0","38","69","7741","21284","10195","7085","2964","4198","1417","807",""
"2026-07-28T01:49:52.482Z","0","38","74","13795","8540","8094","2274","1871","2700","1250","3036",""
"2026-07-28T01:49:53.292Z","0","38","63","27294","16153","2973","3504","4722","3470","736","665",""
"2026-07-28T01:49:54.276Z","0","40","74","54876","17191","5555","5156","6014","2423","1655","2275",""
"2026-07-28T01:49:55.248Z","0","40","69","29357","25667","3648","13594","2277","5379","2029","1337",""
"2026-07-28T01:49:56.328Z","0","34","61","35622","67871","18287","4831","4861","5009","3728","1611",""
"2026-07-28T01:49:57.378Z","0","35","61","5193","5666","633","1725","721","1385","692","624",""
"2026-07-28T01:49:58.986Z","0","38","66","4068","8184","1513","6500","1871","2556","3003","784",""
"2026-07-28T01:49:59.784Z","0","37","60","4825","20085","2202","4551","5280","3299","1588","1891",""
"2026-07-28T01:50:00.582Z","0","41","63","7685","20811","3997","6764","3181","3113","1845","829",""
"2026-07-28T01:50:01.374Z","0","35","70","8887","11323","6073","8761","5062","1570","3661","1999",""
"2026-07-28T01:50:02.172Z","0","30","60","7299","19153","1269","2132","1249","2056","665","1319",""
"2026-07-28T01:50:03.312Z","0","26","60","226936","183142","34418","22520","19461","15078","11565","2890",""
"2026-07-28T01:50:04.356Z","51","26","60","1219054","570808","152117","26731","133297","45439","26470","25113",""
"2026-07-28T01:50:05.574Z","0","26","61","1500964","170769","82510","59105","81087","30396","46633","10941",""
"2026-07-28T01:50:07.080Z","0","35","61","1537480","56920","100893","14960","38590","34995","22749","12972",""
"2026-07-28T01:50:08.418Z","0","43","70","1520141","21186","4462","10797","2427","9212","1581","1698",""
"2026-07-28T01:50:09.210Z","0","48","84","46876","5369","15899","6033","8708","3425","4154","1559",""
"2026-07-28T01:50:09.840Z","0","54","78","4135","3132","641","499","595","1086","758","148",""
"2026-07-28T01:50:10.621Z","0","51","63","3025","3481","469","422","1076","630","217","796",""
"2026-07-28T01:50:11.412Z","0","50","57","4212","11221","2811","1925","2108","3115","1494","1082",""
"2026-07-28T01:50:12.210Z","0","56","50","3722","2923","2680","1727","3777","2223","5459","1672",""
"2026-07-28T01:50:13.176Z","0","53","54","14724","9030","3296","1761","3048","2238","4167","656",""
"2026-07-28T01:50:14.298Z","0","66","63","4096","2334","331","3433","2050","4455","3035","1374",""
"2026-07-28T01:50:15.162Z","0","57","67","71319","26666","6066","10526","4374","3248","1149","1463",""
"2026-07-28T01:50:16.093Z","0","60","56","4078","11360","225","2275","1640","4763","919","1969",""
"2026-07-28T01:50:17.214Z","0","60","60","6013","5228","3843","983","2754","1660","1813","1060",""
"2026-07-28T01:50:18.240Z","0","30","67","1951100","243269","239552","43918","14450","9818","53662","14553",""
"2026-07-28T01:50:19.146Z","0","34","67","400282","78418","43349","7576","4030","13282","19571","5093",""
"2026-07-28T01:50:20.370Z","0","23","75","137818","109897","4663","40088","11959","12361","11289","11577",""
"2026-07-28T01:50:21.168Z","0","16","63","2979709","468620","47214","30567","40041","38877","24939","21647",""
"2026-07-28T01:50:22.296Z","0","41","54","43289","23160","7474","12426","7625","22624","14088","6563",""
"2026-07-28T01:50:23.652Z","0","51","56","5651","4587","4003","1967","545","3854","1778","1264",""
"2026-07-28T01:50:24.444Z","0","69","48","132185","26757","2213","6437","11491","35335","9327","11619",""
"2026-07-28T01:50:25.242Z","0","78","51","321312","204138","41692","8803","11487","45558","52749","10847",""
"2026-07-28T01:50:26.310Z","0","64","51","364270","244971","65489","29780","10602","32383","44803","16694",""
"2026-07-28T01:50:27.174Z","0","63","47","17146","16947","2632","10323","3592","10167","14629","3126",""
"2026-07-28T01:50:28.086Z","0","56","53","96512","7722","2042","1147","2115","3797","2179","2616",""
"2026-07-28T01:50:29.142Z","0","51","63","42930","16728","12100","4418","9016","3350","1887","1082",""
"2026-07-28T01:50:30.324Z","0","53","66","44087","10313","3561","7536","6027","2649","843","1470",""
"2026-07-28T01:50:31.188Z","0","48","60","17629","19901","2751","1580","2837","3577","1198","1799",""
"2026-07-28T01:50:32.190Z","0","41","69","30951","4438","5018","2646","4085","1740","3317","2197",""
"2026-07-28T01:50:33.000Z","0","41","54","22383","28927","1316","2577","2684","3769","1967","1829",""
"2026-07-28T01:50:34.134Z","0","48","53","17742","12354","7034","4040","2882","6310","2654","1662",""
"2026-07-28T01:50:35.040Z","0","41","67","7644","4289","2841","1569","703","528","1336","598",""
"2026-07-28T01:50:36.642Z","0","44","61","34992","9640","2826","3216","1876","3453","1433","2409",""
"2026-07-28T01:50:37.506Z","0","48","69","96573","17874","1330","5738","4556","4675","2998","2043",""
"2026-07-28T01:50:39.588Z","0","41","63","1132801","437967","22154","102017","38587","56708","78978","73965",""
"2026-07-28T01:50:40.506Z","0","41","47","1987523","759055","84477","45419","112918","61320","139698","23828",""
"2026-07-28T01:50:40.908Z","0","29","56","1048882","21870","11616","18925","4557","1950","2688","2336",""
"2026-07-28T01:50:41.628Z","0","30","63","9654","813","641","665","778","588","327","434",""
"2026-07-28T01:50:42.420Z","0","38","75","1673","1016","360","1889","801","685","847","330",""
"2026-07-28T01:50:43.218Z","0","47","90","1698","3515","3924","1384","2397","2171","2790","1060",""
"2026-07-28T01:50:44.154Z","0","44","67","130349","57571","5509","557","854","1687","2124","1142",""
"2026-07-28T01:50:46.662Z","0","27","57","11435","16014","2357","1350","949","543","1274","525",""
"2026-07-28T01:50:48.114Z","0","20","51","18898","26335","6581","9564","3649","3140","2779","1340",""
"2026-07-28T01:50:48.798Z","0","14","67","1826591","811561","195266","399561","199045","119399","21956","8677",""
"2026-07-28T01:50:49.530Z","0","11","57","606937","85403","1038","5443","3083","1807","1554","727",""
"2026-07-28T01:50:50.322Z","0","23","56","125749","14239","7916","3758","4765","8449","2058","2130",""
"2026-07-28T01:50:51.120Z","0","29","47","66437","19161","1827","3211","1728","1968","697","516",""
"2026-07-28T01:50:51.954Z","0","41","38","17512","11320","2514","1376","5087","5694","1792","2003",""
"2026-07-28T01:50:53.022Z","26","41","38","963127","369954","12530","68012","44398","64513","18396","5933",""
"2026-07-28T01:50:54.132Z","0","48","50","104959","9028","1279","1494","836","618","280","150",""
"2026-07-28T01:50:54.960Z","0","40","44","92872","36015","8493","3755","3279","4628","2897","1057",""
"2026-07-28T01:50:56.010Z","0","48","54","20608","12909","3977","10956","2659","7387","4027","2402",""
"2026-07-28T01:50:57.030Z","0","35","70","38002","7735","2971","9062","837","1289","562","261",""
"2026-07-28T01:50:58.170Z","0","30","70","50049","66579","11180","4991","2488","2649","2525","1248",""
"2026-07-28T01:50:59.634Z","0","37","80","2518","2282","2281","1055","958","1304","630","545",""
"2026-07-28T01:51:00.834Z","0","34","74","10024","9440","3441","2449","8363","2170","1284","1150",""
"2026-07-28T01:51:02.982Z","0","35","69","7398","3055","2589","1382","1096","619","1142","450",""
"2026-07-28T01:51:03.978Z","0","29","88","20637","19133","17910","9673","6147","2256","2392","935",""
"2026-07-28T01:51:05.682Z","0","26","87","45023","45409","5896","8426","10284","5240","2402","2607",""
"2026-07-28T01:51:13.260Z","0","38","43","63002","31670","7631","1839","3640","13567","6183","2392",""
"2026-07-28T01:51:14.418Z","0","47","66","5729","2473","934","980","1148","1151","2025","1151",""
"2026-07-28T01:51:15.210Z","0","47","64","48182","43192","9730","10360","9150","3353","2188","2620",""
"2026-07-28T01:51:16.009Z","0","44","69","69214","24301","11238","3216","8670","9436","4587","6059",""
"2026-07-28T01:51:17.094Z","0","43","61","8105","12298","1709","4228","1821","2036","1480","677",""
"2026-07-28T01:51:18.066Z","0","47","61","252950","33090","7213","13909","3747","20396","13014","2836",""
"2026-07-28T01:51:19.668Z","0","50","61","148611","12114","2580","2545","999","1634","625","235",""
"2026-07-28T01:51:20.664Z","0","35","63","25415","18811","6324","3862","1464","974","686","293",""
"2026-07-28T01:51:21.960Z","0","34","66","41271","10765","3327","4753","4891","1728","2437","1136",""
"2026-07-28T01:51:22.914Z","0","29","61","39464","16313","4524","1737","6921","4745","3973","4529",""
"2026-07-28T01:51:23.610Z","0","27","56","687912","163090","19384","19619","7171","13622","28113","3760",""
"2026-07-28T01:51:24.408Z","0","37","54","34117","23197","5043","5849","2813","4055","4015","1357",""
"2026-07-28T01:51:25.200Z","0","35","53","351243","673601","274324","68183","118814","75525","11495","11186",""
"2026-07-28T01:51:25.998Z","0","17","48","209904","35389","1424","4047","1326","779","1007","318",""
"2026-07-28T01:51:26.946Z","0","20","53","86614","49669","15994","6187","6270","6618","2120","825",""
"2026-07-28T01:51:27.876Z","0","20","56","28860","27027","4739","21453","11773","5835","3604","657",""
"2026-07-28T01:51:29.130Z","0","24","61","310304","25526","15963","8276","7805","6187","3668","6030",""
"2026-07-28T01:51:30.252Z","0","35","70","667017","148126","17929","65702","27847","21550","24165","6189",""
"2026-07-28T01:51:31.656Z","0","30","77","120130","86835","21866","37337","10911","8184","4125","4060",""
"2026-07-28T01:51:32.478Z","0","27","77","508721","372044","204930","101576","57159","48227","43771","14160",""
"2026-07-28T01:51:33.270Z","0","20","75","661102","53278","18262","7061","4198","3296","5974","1461",""
"2026-07-28T01:51:34.068Z","0","26","64","107974","24874","2526","2556","1446","6843","11458","2766",""
"2026-07-28T01:51:34.860Z","0","27","56","697893","61008","6681","10686","3237","5579","3598","3369",""
"2026-07-28T01:51:35.766Z","0","30","38","443657","68200","2979","3992","6997","8635","3125","1802",""
"2026-07-28T01:51:36.828Z","0","35","43","69349","20977","16829","7134","4342","2920","1071","1045",""
"2026-07-28T01:51:37.944Z","0","21","48","37893","59284","8722","5848","2002","2436","2379","2947",""
"2026-07-28T01:51:38.742Z","0","27","57","1356837","144593","59347","145757","62546","60520","94485","68650",""
"2026-07-28T01:51:39.852Z","0","26","77","1470979","127567","47615","59489","25228","20717","26667","6828",""
"2026-07-28T01:51:41.214Z","0","23","56","278618","63868","3955","2737","1465","3359","5106","879",""
"2026-07-28T01:51:42.954Z","0","37","60","938864","165514","30256","30766","7990","36578","27465","23798",""
"2026-07-28T01:51:45.096Z","0","37","50","482996","228510","16731","57509","46210","53514","16877","13505",""
"2026-07-28T01:51:52.092Z","0","47","35","89120","21169","3535","3676","4479","15064","15390","2602",""
"2026-07-28T01:51:54.468Z","0","63","56","22634","9166","1963","1419","5611","3038","3267","2503",""
"2026-07-28T01:51:55.908Z","0","74","57","2408","3358","1046","1980","3260","3359","2555","3362",""
"2026-07-28T01:51:56.634Z","0","78","57","7358","3653","3483","1979","3796","2310","1451","926",""
"2026-07-28T01:51:59.718Z","0","83","69","4748","5062","4244","8032","1945","9042","4318","1326",""
"2026-07-28T01:52:03.714Z","0","43","54","405761","51715","26594","18814","38673","13348","15787","5123",""
"2026-07-28T01:52:04.488Z","0","60","56","101386","58518","9619","5351","16410","30344","19651","9242",""
"2026-07-28T01:52:05.226Z","0","57","56","10781","24381","2596","5894","1383","3967","2822","3239",""
"2026-07-28T01:52:06.354Z","0","60","56","46194","8391","5930","2165","5053","3435","6340","4427",""
"2026-07-28T01:52:07.146Z","0","60","60","1140","924","1120","477","666","584","635","240",""
"2026-07-28T01:52:07.944Z","0","54","70","14798","6495","2593","1938","1292","2118","1538","586",""
"2026-07-28T01:52:09.960Z","0","51","78","64216","29020","17461","5327","5311","3368","4039","1572",""
"2026-07-28T01:52:18.516Z","0","38","54","120738","211563","61873","19234","20715","27086","16933","16189",""
"2026-07-28T01:52:21.420Z","0","61","75","16806","4110","1289","2043","578","1580","1261","1348",""
"2026-07-28T01:52:22.212Z","0","64","75","23883","9856","7633","1281","2084","6462","4334","1768",""
"2026-07-28T01:52:23.011Z","0","53","80","36425","22688","10399","12697","2558","3014","2424","1817",""
"2026-07-28T01:52:24.528Z","0","44","84","14261","3637","1688","2899","767","687","652","271",""
"2026-07-28T01:52:25.392Z","0","34","88","111023","64947","28574","25207","5490","5351","16382","3108",""
"2026-07-28T01:52:26.184Z","0","23","100","190812","2809","5954","4771","924","1101","1500","379",""
"2026-07-28T01:52:27.060Z","0","37","97","152856","10446","11076","7954","10847","10055","4762","5260",""
"2026-07-28T01:52:27.852Z","0","34","83","34606","36289","3987","2884","1283","2229","1942","722",""
"2026-07-28T01:52:28.866Z","0","40","66","71277","14008","167","2134","852","1560","1912","1120",""
"2026-07-28T01:52:30.120Z","0","48","54","23874","9992","3608","7033","2615","5234","2292","2714",""
"2026-07-28T01:52:31.662Z","0","38","56","77509","9555","4803","3723","2956","1770","1316","2711",""
"2026-07-28T01:52:34.482Z","0","53","69","79963","12460","4815","26981","16999","14596","7714","6049",""
"2026-07-28T01:52:35.316Z","0","51","77","60590","37908","7592","5364","4164","3889","3161","831",""
"2026-07-28T01:52:35.665Z","0","48","66","17654","24636","3068","5106","13879","5496","4282","1599",""
"2026-07-28T01:52:44.514Z","0","37","57","9570","7162","675","2220","2142","1518","1523","1928",""
"2026-07-28T01:52:44.748Z","0","41","75","4411","2931","2149","1185","314","901","416","646",""
"2026-07-28T01:52:45.246Z","0","53","84","152482","21393","45836","6891","12047","12554","2533","1672",""
"2026-07-28T01:52:48.577Z","0","53","90","33824","20906","6293","10213","7724","7119","1125","1020",""
"2026-07-28T01:52:51.894Z","0","57","54","59767","36896","2681","6071","10567","5126","9341","2649",""
"2026-07-28T01:52:53.178Z","0","50","43","27158","10895","9885","4368","3807","2845","6130","1733",""
"2026-07-28T01:52:55.446Z","0","38","44","71757","26822","8567","4641","14178","5787","6136","2551",""
"2026-07-28T01:53:03.420Z","0","61","77","118022","7691","930","1492","1147","1470","1186","1071",""
"2026-07-28T01:53:05.461Z","0","77","53","11802","7310","1918","2994","6959","7439","9054","2350",""
"2026-07-28T01:53:06.408Z","0","69","48","60640","29540","6379","16113","6357","6760","7297","4437",""
"2026-07-28T01:53:06.870Z","0","83","57","12473","3079","1209","11768","2967","14802","5842","3762",""
"2026-07-28T01:53:08.148Z","0","51","69","692585","109428","21232","48048","7969","20254","54205","12051",""
"2026-07-28T01:53:10.020Z","0","43","63","529320","589840","126289","59656","70610","27186","66781","9552",""
"2026-07-28T01:53:12.480Z","0","16","56","942694","70685","11924","9975","4574","2561","1386","1520",""
"2026-07-28T01:53:13.164Z","0","26","57","295830","16634","4928","2524","3020","4179","1966","1257",""
"2026-07-28T01:53:14.190Z","0","17","63","1623901","68903","38476","32662","6312","6096","6095","6103",""
"2026-07-28T01:53:14.916Z","51","17","63","2171696","152316","29053","28649","12221","20310","3770","2287",""
"2026-07-28T01:53:16.026Z","0","24","63","127047","9041","2498","422","1220","1261","1111","640",""
"2026-07-28T01:53:17.382Z","0","23","54","282965","409028","37753","8223","18994","8621","8730","4534",""
"2026-07-28T01:53:18.180Z","0","27","54","138204","5131","1487","1655","1240","3110","1218","393",""
"2026-07-28T01:53:18.972Z","0","24","34","1159833","738490","30175","45020","32823","23506","11370","5094",""
"2026-07-28T01:53:20.196Z","0","21","43","144882","57481","27587","23092","8187","6696","2432","3835",""
"2026-07-28T01:53:21.630Z","0","30","40","117990","55271","1335","3793","8975","5378","13488","6525",""
"2026-07-28T01:53:23.190Z","0","27","54","475604","87566","11585","10948","19649","10874","14730","2811",""
"2026-07-28T01:53:23.988Z","0","34","53","775358","144217","98157","35579","78050","35823","11106","7822",""
"2026-07-28T01:53:24.786Z","25","34","53","663369","152769","48096","15171","11724","32855","17957","3028",""
"2026-07-28T01:53:26.952Z","0","30","74","412973","80714","30780","33806","14102","10440","22030","8213",""
"2026-07-28T01:53:28.404Z","26","30","74","2432477","873281","203498","200766","50215","50306","55197","19433",""
"2026-07-28T01:53:29.490Z","0","34","80","3939856","438514","21542","582455","96266","92009","33097","93646",""
"2026-07-28T01:53:30.132Z","26","34","80","364140","13932","5920","1909","1660","663","691","227",""
"2026-07-28T01:53:30.930Z","0","35","69","4463","13231","2144","1257","589","2781","1055","1013",""
"2026-07-28T01:53:31.728Z","0","29","48","212233","54214","2209","1399","4714","2259","897","445",""
"2026-07-28T01:53:33.024Z","0","27","47","104209","15323","3557","1086","3192","1407","922","462",""
"2026-07-28T01:53:33.823Z","0","20","41","931999","145894","49828","59102","45680","7550","7187","3745",""
"2026-07-28T01:53:34.680Z","0","16","47","311563","11714","1640","5428","5371","1725","3766","3587",""
"2026-07-28T01:53:35.478Z","0","20","60","171196","27244","6126","4688","2889","2729","6625","3043",""
"2026-07-28T01:53:36.372Z","0","34","61","1822418","238168","97747","56816","176999","131225","22934","5823",""
"2026-07-28T01:53:37.392Z","0","40","64","235307","51855","42345","13703","3224","7197","7272","5362",""
"2026-07-28T01:53:38.286Z","0","51","57","84017","37920","5543","5938","11198","21855","9816","7507",""
"2026-07-28T01:53:39.258Z","0","56","66","986194","27489","21474","11497","15028","7451","4748","12961",""
"2026-07-28T01:53:40.290Z","0","48","70","60304","34795","19747","9515","14204","9694","3456","4282",""
"2026-07-28T01:53:41.448Z","0","61","67","3953","1911","1960","738","1175","1690","740","1382",""
"2026-07-28T01:53:42.276Z","0","35","70","55433","148285","20209","14787","9781","2093","2471","899",""
"2026-07-28T01:53:43.428Z","0","35","61","354832","65732","12671","6383","3609","9788","4975","2560",""
"2026-07-28T01:53:44.310Z","0","30","53","428471","86183","9392","10869","6413","12022","6894","7936",""
"2026-07-28T01:53:45.276Z","0","35","43","69730","16953","2607","2939","3242","10505","16101","2771",""
"2026-07-28T01:53:46.218Z","0","54","50","7885","2404","1361","1372","1466","925","1155","2719",""
"2026-07-28T01:53:47.486Z","0","61","47","154489","66745","9433","8020","7866","24005","22252","7844",""
"2026-07-28T01:53:47.911Z","0","61","47","154489","66745","9433","8020","7866","24005","22252","7844","sta"
"2026-07-28T01:53:48.426Z","0","70","48","1110","2526","1427","284","3160","2052","5719","1057",""
"2026-07-28T01:53:49.446Z","0","60","48","47691","32895","4073","2720","550","3903","5601","1662",""
"2026-07-28T01:53:51.318Z","0","70","47","14419","2596","5476","3500","6475","9264","4925","3957",""
"2026-07-28T01:53:52.032Z","0","87","40","15242","2437","455","313","1564","5914","4453","1808",""
"2026-07-28T01:53:52.782Z","0","88","47","12363","12379","7326","8321","3350","18393","15090","3899",""
"2026-07-28T01:53:53.576Z","0","96","54","36891","18049","7601","6860","6661","9181","5036","4964",""
"2026-07-28T01:53:54.672Z","0","81","48","83968","34778","8791","2626","10840","6649","3829","3594",""
"2026-07-28T01:53:55.470Z","0","70","67","17461","6997","11590","2156","3537","9564","12159","4209",""
"2026-07-28T01:53:56.262Z","0","69","69","9164","5891","5490","5148","3080","8787","8494","4053",""
"2026-07-28T01:53:57.258Z","0","75","67","6935","9814","1331","6053","2437","9603","5599","4584",""
"2026-07-28T01:53:58.698Z","0","77","70","118180","11277","1746","3313","2037","2378","4955","2501",""
"2026-07-28T01:53:59.497Z","0","74","61","38084","5460","371","1851","895","2633","3054","1140",""
"2026-07-28T01:54:00.642Z","0","69","60","2098","5700","1097","5397","1896","3718","3431","1183",""
"2026-07-28T01:54:01.680Z","0","56","67","319172","26224","22287","6102","3996","5105","4517","2513",""
"2026-07-28T01:54:02.478Z","0","56","69","216768","54577","18600","11785","10446","13172","18159","3019",""
"2026-07-28T01:54:03.690Z","0","50","75","1055813","114948","26270","31156","10582","22275","20762","21994",""
"2026-07-28T01:54:04.782Z","0","54","57","4755","15343","2832","690","2586","13800","3691","1132",""
"2026-07-28T01:54:05.784Z","0","74","50","16392","5948","2190","8210","6891","18091","14395","2470",""
"2026-07-28T01:54:06.768Z","0","78","47","3255","3630","42","1603","1265","1517","1073","1383",""
"2026-07-28T01:54:07.644Z","0","88","48","10826","4473","981","6426","5652","5488","4295","1491",""
"2026-07-28T01:54:08.436Z","0","78","60","5724","7670","3388","1687","3118","2199","1008","910",""
"2026-07-28T01:54:09.522Z","0","57","53","319869","105938","14080","4742","6924","12234","6691","4929",""
"2026-07-28T01:54:10.614Z","0","69","54","5344","4431","1897","3650","1870","11424","2978","4426",""
"2026-07-28T01:54:11.412Z","0","67","48","13955","14803","4076","1481","2287","7209","5576","440",""
"2026-07-28T01:54:12.990Z","0","74","51","1023648","16961","13786","12227","13450","14792","11450","5474",""
"2026-07-28T01:54:14.616Z","0","77","56","654071","142948","34405","7116","18342","24621","13605","9396",""
"2026-07-28T01:54:16.554Z","0","54","53","502524","96504","19103","7060","6748","7560","17752","3263",""
"2026-07-28T01:54:26.082Z","0","61","63","19527","13057","3585","2112","1630","3832","5095","7759",""
"2026-07-28T01:54:26.550Z","0","50","69","21591","32765","13777","5092","3203","7188","4944","5041",""
"2026-07-28T01:54:26.910Z","0","53","81","5170","3161","4494","2235","797","889","451","345",""
"2026-07-28T01:54:27.822Z","0","47","93","103902","49496","45926","31962","7613","10414","2067","1903",""
"2026-07-28T01:54:28.614Z","0","40","88","1172966","64171","12758","9264","13887","5216","6982","1439",""
"2026-07-28T01:54:29.412Z","0","23","78","2247165","234257","43753","18197","16220","11591","28964","18825",""
"2026-07-28T01:54:30.210Z","0","30","69","55021","22445","10702","13899","7264","11601","2459","3021",""
"2026-07-28T01:54:31.092Z","0","34","63","17903","31262","18591","3592","5126","5637","2856","2029",""
"2026-07-28T01:54:32.136Z","0","40","77","14463","11141","9951","7869","1637","4684","2353","1378",""
"2026-07-28T01:54:33.108Z","0","48","74","1555","5416","636","758","771","834","856","367",""
"2026-07-28T01:54:34.176Z","0","50","69","18203","5932","2328","2013","2009","3031","2194","3939",""
"2026-07-28T01:54:35.070Z","0","57","60","2146","5461","1261","317","1176","2204","2553","6252",""
"2026-07-28T01:54:36.336Z","0","51","40","220313","51792","2170","4139","4954","3825","4501","1949",""
"2026-07-28T01:54:37.620Z","0","53","50","26790","2154","1766","712","1251","886","557","239",""
"2026-07-28T01:54:38.964Z","0","48","51","40832","15492","2422","9539","2466","3350","3210","2275",""
"2026-07-28T01:54:39.822Z","0","37","66","165353","276953","201081","92266","28615","43937","85291","20214",""
"2026-07-28T01:54:40.621Z","0","37","80","91743","17651","7657","1724","810","1735","1304","794",""
"2026-07-28T01:54:41.616Z","0","35","69","442465","128472","25993","4572","36815","24448","19812","17294",""
"2026-07-28T01:54:42.414Z","0","38","63","19549","11819","2180","3436","5525","2833","2934","5161",""
"2026-07-28T01:54:43.206Z","0","41","61","3237","3888","754","3169","818","1008","545","352",""
"2026-07-28T01:54:44.280Z","0","54","47","2752","9478","540","1213","3682","3894","1753","687",""
"2026-07-28T01:54:45.276Z","0","54","38","131172","24053","1128","946","3184","3427","814","1617",""
"2026-07-28T01:54:46.074Z","0","53","43","8149","4294","1121","1423","796","959","529","205",""
"2026-07-28T01:54:47.214Z","0","61","41","16323","2996","2352","1680","1187","2651","2464","1727",""
"2026-07-28T01:54:48.276Z","0","56","57","27034","8863","6499","1683","2509","3529","2656","4433",""
"2026-07-28T01:54:49.494Z","0","61","70","1478","4336","3312","473","4788","2319","880","773",""
"2026-07-28T01:54:51.288Z","0","66","77","5791","1881","1220","1974","620","1307","255","396",""
"2026-07-28T01:54:52.956Z","0","66","63","14701","7790","572","1214","2810","3491","2314","1194",""
"2026-07-28T01:54:54.330Z","0","63","64","17339","15361","8331","4478","14939","3327","906","2021",""
"2026-07-28T01:54:55.182Z","0","54","50","14392","26774","1064","4203","2386","2384","1661","843",""
"2026-07-28T01:54:55.824Z","0","54","51","6747","4694","612","755","1516","2161","1683","844",""
"2026-07-28T01:54:56.892Z","0","40","43","39583","54591","7935","6722","2166","3160","830","728",""
"2026-07-28T01:54:57.684Z","0","29","35","58371","51149","5971","2790","7620","1953","1170","1670",""
"2026-07-28T01:54:58.920Z","0","37","44","54982","6130","3486","1490","1775","1539","789","785",""
"2026-07-28T01:54:59.982Z","0","29","56","34258","8652","6142","2754","6734","3449","3122","2529",""
"2026-07-28T01:55:00.774Z","0","41","50","15374","18980","1575","2138","5211","4983","2033","1814",""
"2026-07-28T01:55:01.572Z","0","57","57","16306","12713","2259","7855","4332","6151","3416","1048",""
"2026-07-28T01:55:02.364Z","0","64","57","2701","5887","4396","3328","4715","5132","2000","1581",""
"2026-07-28T01:55:03.162Z","0","60","57","48015","32010","5250","12358","6967","5273","2779","1050",""
"2026-07-28T01:55:04.296Z","0","54","69","4192","2784","372","1850","1462","544","841","255",""
"2026-07-28T01:55:05.172Z","0","54","75","12850","4061","591","6427","3713","2934","2086","2210",""
"2026-07-28T01:55:06.390Z","0","48","66","35595","30333","6843","3175","4295","6591","1234","1571",""
"2026-07-28T01:55:08.496Z","0","56","78","7035","4886","10069","5995","2557","5809","3423","2074",""
"2026-07-28T01:55:10.014Z","0","48","66","27878","16519","1543","3099","2042","4276","3901","1188",""
"2026-07-28T01:55:11.130Z","0","40","67","29979","26152","5072","2746","1729","2173","1005","1250",""
"2026-07-28T01:55:12.252Z","0","38","57","486241","584087","230778","170323","134869","185840","115055","93943",""
"2026-07-28T01:55:13.302Z","0","41","57","276671","74373","31683","8482","10072","10149","7608","4787",""
"2026-07-28T01:55:15.672Z","0","38","64","436824","15045","6537","1987","2446","2950","1516","998",""
"2026-07-28T01:55:16.860Z","0","54","53","18009","12306","1505","1309","1916","1944","4149","518",""
"2026-07-28T01:55:17.208Z","0","61","57","4213","6930","6683","1893","2713","2928","1410","898",""
"2026-07-28T01:55:18.162Z","0","69","60","4773","3216","1226","4006","3152","3478","3420","1482",""
"2026-07-28T01:55:18.924Z","0","63","64","11733","5898","2077","2468","3021","3449","3425","1243",""
"2026-07-28T01:55:19.722Z","0","66","69","26674","17029","5087","1614","3803","5173","2107","946",""
"2026-07-28T01:55:21.876Z","0","74","66","14142","1559","1107","2016","2188","2180","1076","1676",""
"2026-07-28T01:55:23.256Z","0","67","64","11575","9979","3243","3663","2062","3753","3660","1702",""
"2026-07-28T01:55:23.718Z","0","60","74","16369","8514","2110","4750","951","2134","2609","1069",""
"2026-07-28T01:55:24.510Z","0","60","60","9711","15173","2410","1655","5757","8765","4826","3209",""
"2026-07-28T01:55:25.680Z","0","61","57","3387","11460","5297","1751","2782","5615","1155","1822",""
"2026-07-28T01:55:26.868Z","0","70","43","8293","7956","914","473","942","6642","756","1053",""
"2026-07-28T01:55:28.482Z","0","77","30","12659","17468","1287","2467","1437","6033","2333","1872",""
"2026-07-28T01:55:31.044Z","0","60","53","3382","13774","1332","4551","2719","2010","1899","1943",""
"2026-07-28T01:55:33.642Z","0","54","70","345604","77828","11475","31562","14479","20994","17523","8195",""
"2026-07-28T01:55:34.572Z","0","80","64","21290","2950","1481","4280","10625","5194","3134","2542",""
"2026-07-28T01:55:35.364Z","0","80","57","6413","8103","3393","5392","8847","4830","3917","3424",""
"2026-07-28T01:55:36.336Z","0","96","53","3944","3328","1456","2590","1801","12090","2770","1543",""
"2026-07-28T01:55:37.128Z","0","84","56","2005","7869","2901","2158","1432","4340","2592","1415",""
"2026-07-28T01:55:37.926Z","0","77","70","5058","5953","13958","11384","4483","7108","3761","1982",""
"2026-07-28T01:55:39.924Z","0","81","75","2851","2603","3900","620","1717","3429","2707","1259",""
"2026-07-28T01:55:41.460Z","0","69","90","4293","5453","9458","3130","4611","3183","6534","982",""
"2026-07-28T01:55:42.252Z","0","74","70","14615","21659","3522","3144","6639","9938","5617","1922",""
"2026-07-28T01:55:43.650Z","0","74","70","7938","3620","3943","6933","6589","8163","1501","1667",""
"2026-07-28T01:55:45.324Z","0","78","70","5074","1506","3512","1187","2153","6752","4071","3578",""
"2026-07-28T01:55:46.308Z","0","83","67","4542","5596","6848","4499","3926","5959","5318","2437",""
"2026-07-28T01:55:47.088Z","0","83","74","1852","3347","997","824","1503","1987","5585","1621",""
"2026-07-28T01:55:47.736Z","0","83","64","2539","6912","3769","966","3628","6038","3014","2657",""
"2026-07-28T01:55:50.220Z","0","77","64","453996","16575","16705","1322","4495","16165","7734","1906",""
"2026-07-28T01:55:51.462Z","0","70","63","6482","7247","269","1540","766","2540","3930","785",""
"2026-07-28T01:55:52.224Z","0","70","63","8207","3556","2478","2978","3307","4771","4264","569",""
"2026-07-28T01:55:53.016Z","0","77","51","12748","5739","731","1959","1700","3845","3000","1721",""
"2026-07-28T01:55:53.952Z","0","69","66","7758","3781","10078","2647","1490","3133","2415","1067",""
"2026-07-28T01:55:54.840Z","0","81","74","9538","3727","4245","2738","2785","11306","3426","1579",""
"2026-07-28T01:55:56.076Z","0","78","78","5451","1952","1596","3729","2380","2957","2493","3241",""
"2026-07-28T01:55:56.874Z","0","78","81","7600","4734","3102","2536","7266","4330","3216","2103",""
"2026-07-28T01:55:57.882Z","0","78","77","2971","4797","6310","1190","2261","1944","5531","4498",""
"2026-07-28T01:55:59.088Z","0","61","80","10501","10897","7137","3454","3274","3190","3800","5523",""
"2026-07-28T01:55:59.928Z","0","57","80","7410","9775","3558","8173","2936","5705","1469","1186",""
"2026-07-28T01:56:00.954Z","0","63","83","14448","2151","3961","1823","2258","7063","6493","1783",""
"2026-07-28T01:56:01.896Z","0","66","83","16504","9162","8657","4722","2660","6307","5264","5903",""
"2026-07-28T01:56:03.048Z","0","70","81","13375","6036","5072","1479","2945","3725","2802","1838",""
"2026-07-28T01:56:03.942Z","0","75","78","3724","6095","2111","3980","1333","4645","2349","1608",""
"2026-07-28T01:56:04.740Z","0","67","66","15369","4726","806","398","2080","2218","3829","1265",""
"2026-07-28T01:56:05.862Z","0","74","61","9263","2983","2021","1544","1074","3222","930","1433",""
"2026-07-28T01:56:06.744Z","0","67","53","559366","102391","22024","3566","10629","16783","5711","1684",""
"2026-07-28T01:56:07.998Z","0","63","34","503273","199581","5116","10959","4760","50695","23695","19923",""
"2026-07-28T01:56:08.820Z","0","53","44","78235","52855","1955","30129","8275","8608","5939","4569",""
"2026-07-28T01:56:09.702Z","0","48","37","130851","21726","2189","3633","2987","7233","2983","2318",""
"2026-07-28T01:56:10.800Z","0","43","50","17590","7494","5621","2640","1086","1184","1270","129",""
"2026-07-28T01:56:11.694Z","0","41","67","54550","23397","13786","2542","4221","6920","7010","2477",""
"2026-07-28T01:56:12.696Z","0","50","64","8831","8289","2377","2915","3769","4480","4022","2199",""
"2026-07-28T01:56:13.884Z","0","53","69","9023","7842","4521","1635","5392","6117","2799","1852",""
"2026-07-28T01:56:14.742Z","0","56","63","17458","21739","5545","9741","9881","4254","1509","2366",""
"2026-07-28T01:56:15.858Z","0","61","57","130164","5531","1670","807","1252","2406","841","1595",""
"2026-07-28T01:56:16.783Z","0","54","74","25295","9022","21615","7175","5033","5859","3985","1496",""
"2026-07-28T01:56:17.706Z","0","43","74","20136","25636","2509","9783","7983","3606","1681","1247",""
"2026-07-28T01:56:18.660Z","0","50","78","10369","5824","2095","6767","3252","3654","795","1460",""
"2026-07-28T01:56:19.812Z","0","47","90","16245","4392","6349","4639","2797","3431","2663","1863",""
"2026-07-28T01:56:21.138Z","0","47","75","8631","18439","2206","4619","1323","3777","2310","2774",""
"2026-07-28T01:56:21.954Z","0","53","70","1354","10468","1662","2401","2222","3728","1197","612",""
"2026-07-28T01:56:22.746Z","0","47","63","4486","5957","1070","1119","904","850","766","607",""
"2026-07-28T01:56:23.730Z","0","37","48","90586","42722","8129","2886","4122","2901","2647","3428",""
"2026-07-28T01:56:24.582Z","0","29","54","27848","19378","10681","4846","5542","2496","2691","2122",""
"2026-07-28T01:56:25.740Z","0","26","60","26552","24783","7619","6312","4915","6415","8242","2537",""
"2026-07-28T01:56:26.820Z","0","27","63","27350","22127","5790","4725","1539","4566","4845","4118",""
"2026-07-28T01:56:27.726Z","0","30","64","47115","51553","9948","9579","8934","5361","4425","3072",""
"2026-07-28T01:56:28.770Z","0","47","60","8022","5950","3143","2722","4895","4674","3570","3084",""
"2026-07-28T01:56:29.934Z","0","51","64","4252","1920","1554","1263","828","1521","900","1746",""
"2026-07-28T01:56:30.726Z","0","47","61","22625","21641","6494","1000","2717","2496","3248","5614",""
"2026-07-28T01:56:31.728Z","0","66","61","13366","5053","2638","1543","2422","8784","4248","772",""
"2026-07-28T01:56:32.652Z","0","64","60","11161","11820","2942","2524","1862","6222","6828","2956",""
"2026-07-28T01:56:33.642Z","0","54","56","41441","50430","11228","18257","4695","6077","4608","1669",""
"2026-07-28T01:56:34.980Z","0","63","67","13340","5514","5447","4121","1531","3744","2491","2944",""
"2026-07-28T01:56:36.276Z","0","43","69","8064","35677","9841","5313","3769","3841","2534","1234",""
"2026-07-28T01:56:37.074Z","0","40","90","15187","4677","22969","3795","1415","6907","3485","2944",""
"2026-07-28T01:56:37.872Z","0","50","87","12655","6130","2463","1895","3945","2606","2017","1694",""
"2026-07-28T01:56:38.664Z","0","35","87","22262","7512","5368","3191","1829","765","756","1333",""
"2026-07-28T01:56:39.846Z","0","53","75","65894","16233","589","2950","3285","13976","7017","6508",""
"2026-07-28T01:56:40.746Z","0","53","69","2061006","33534","80261","35150","19692","32901","29196","5479",""
"2026-07-28T01:56:41.862Z","0","48","70","906576","39756","6737","15371","3340","8338","5057","3027",""
"2026-07-28T01:56:42.654Z","0","53","63","271069","89344","10824","31569","16676","10782","33957","14448",""
"2026-07-28T01:56:43.770Z","0","40","77","29859","68149","33062","3566","7721","13484","6223","3877",""
"2026-07-28T01:56:44.610Z","0","27","69","14161","6526","3215","3254","2463","757","953","412",""
"2026-07-28T01:56:45.492Z","0","34","75","11956","5427","4084","2707","2052","2717","4891","3454",""
"2026-07-28T01:56:46.686Z","0","37","75","26880","8032","740","3619","3628","1541","1693","604",""
"2026-07-28T01:56:47.634Z","0","35","80","40889","25785","18375","8248","5749","6113","3839","1045",""
"2026-07-28T01:56:48.678Z","0","43","81","39883","23032","29321","6377","4748","9906","2902","1488",""
"2026-07-28T01:56:49.650Z","0","47","70","22560","18443","4699","2777","5015","7484","2822","1296",""
"2026-07-28T01:56:50.574Z","0","43","77","24269","22811","10718","7319","5582","3212","1005","1272",""
"2026-07-28T01:56:51.654Z","0","40","64","6103","4914","847","366","946","505","1634","518",""
"2026-07-28T01:56:53.304Z","0","41","63","13649","12672","14314","3519","2507","5449","2317","811",""
"2026-07-28T01:56:54.102Z","0","30","67","98868","12654","2375","3293","1191","1411","1511","1269",""
"2026-07-28T01:56:54.900Z","0","48","60","144560","6868","2508","2213","7444","7643","1790","4006",""
"2026-07-28T01:56:55.692Z","0","56","53","79905","39520","61","6336","14929","12346","6690","7516",""
"2026-07-28T01:56:56.568Z","0","61","50","22741","7012","1879","6060","3517","4742","3775","2385",""
"2026-07-28T01:56:57.612Z","0","57","51","4517","14321","5257","2731","1033","1269","1460","709",""
"2026-07-28T01:56:59.004Z","0","50","56","23335","6095","2641","2397","3498","2318","7941","3527",""
"2026-07-28T01:56:59.856Z","0","43","83","8206","7789","22785","3053","2566","4055","2767","1345",""
"2026-07-28T01:57:00.882Z","0","35","80","18627","23888","5047","5837","2188","3804","3411","1311",""
"2026-07-28T01:57:01.884Z","0","43","80","70116","27702","8172","9723","4833","7929","4166","3947",""
"2026-07-28T01:57:02.676Z","0","40","80","27281","8892","3000","2414","1458","1980","1789","1128",""
"2026-07-28T01:57:03.679Z","0","48","67","14094","9262","3142","4948","3603","5331","5155","2735",""
"2026-07-28T01:57:04.500Z","0","44","67","36316","35238","11298","4271","5301","3878","6962","1696",""
"2026-07-28T01:57:05.892Z","0","40","74","16283","20973","10844","7384","1772","3181","4246","6310",""
"2026-07-28T01:57:06.756Z","0","47","70","11181","8293","1193","8172","13777","6241","4639","4738",""
"2026-07-28T01:57:07.584Z","0","54","61","3286","1796","402","432","1100","2120","1615","1397",""
"2026-07-28T01:57:08.640Z","0","51","60","2642530","385844","92439","60210","44657","30628","55325","30195",""
"2026-07-28T01:57:09.642Z","0","47","44","1539054","163888","22827","3115","9516","8478","15165","8427",""
"2026-07-28T01:57:10.632Z","0","47","38","113809","22359","3070","5147","21547","10662","15052","3593",""
"2026-07-28T01:57:11.454Z","0","30","51","64093","35932","10854","19976","1400","9037","6705","14741",""
"2026-07-28T01:57:12.528Z","0","41","41","7329","13139","1628","606","950","3182","2114","866",""
"2026-07-28T01:57:13.620Z","0","54","57","11526","7587","3409","11773","4791","5609","4408","3184",""
"2026-07-28T01:57:14.862Z","0","41","50","40914","46303","1277","2090","3703","3477","2637","1147",""
"2026-07-28T01:57:16.476Z","0","56","35","42980","4665","1114","655","2250","5515","2867","1364",""
"2026-07-28T01:57:17.862Z","0","67","38","16157","7258","1417","3831","10954","11309","12850","3956",""
"2026-07-28T01:57:18.906Z","0","78","24","27615","16564","2457","5853","8604","16420","3665","11355",""
"2026-07-28T01:57:20.058Z","0","96","35","12972","10000","322","4532","6976","10230","2780","1169",""
"2026-07-28T01:57:21.456Z","0","61","44","13279","21810","7349","5404","1029","2149","3347","4337",""
"2026-07-28T01:57:22.176Z","0","44","53","31162","9017","4004","1559","1290","1485","1118","1135",""
"2026-07-28T01:57:23.532Z","0","23","61","286577","85006","29442","16249","3680","4703","5584","3837",""
"2026-07-28T01:57:24.324Z","0","13","74","48860","4628","673","1973","291","372","216","294",""
"2026-07-28T01:57:25.542Z","0","4","63","311675","155976","12507","15574","1909","4502","4649","2153",""
"2026-07-28T01:57:26.280Z","0","1","69","277716","11268","8129","3524","1164","725","2811","2004",""
"2026-07-28T01:57:27.270Z","0","7","74","85464","21885","10470","8108","1108","5730","4624","5945",""
"2026-07-28T01:57:28.026Z","0","14","66","63944","7517","802","1751","1025","1167","942","574",""
"2026-07-28T01:57:28.824Z","0","20","83","261296","362050","427217","38850","53701","34251","14287","11838",""
"2026-07-28T01:57:29.784Z","26","20","83","808077","207977","525923","239771","158222","56750","78740","23056",""
"2026-07-28T01:57:30.756Z","0","26","66","1649388","673759","70581","41695","55385","55161","207133","10033",""
"2026-07-28T01:57:31.896Z","0","37","64","54410","9281","16723","10683","16309","19578","30928","9473",""
"2026-07-28T01:57:33.240Z","0","34","63","224768","19734","164","4072","1363","1701","3086","612",""
"2026-07-28T01:57:34.032Z","0","40","53","134147","43444","11327","6345","2532","7149","6852","2714",""
"2026-07-28T01:57:34.824Z","0","37","54","216883","75915","11172","3769","5449","4826","12117","6300",""
"2026-07-28T01:57:35.988Z","0","17","38","430069","19131","1517","973","1113","1023","1552","840",""
"2026-07-28T01:57:37.182Z","0","21","51","61956","33466","22470","9184","1971","7329","2591","451",""
"2026-07-28T01:57:37.980Z","0","23","56","239251","38685","23570","10146","13336","10193","3021","4610",""
"2026-07-28T01:57:38.898Z","0","27","61","44880","44648","11524","10851","10874","7083","2122","1917",""
"2026-07-28T01:57:39.690Z","0","35","77","5279","4750","1578","2504","1214","1146","355","168",""
"2026-07-28T01:57:40.494Z","0","37","66","196399","23010","5766","1095","1953","3647","631","395",""
"2026-07-28T01:57:41.424Z","0","34","56","38002","53964","7358","6404","7499","6729","3368","1359",""
"2026-07-28T01:57:42.330Z","0","29","67","5073","6966","11910","3552","4982","1417","583","261",""
"2026-07-28T01:57:43.326Z","0","24","61","81366","26106","8334","2267","7391","2157","1503","1709",""
"2026-07-28T01:57:44.346Z","0","21","67","8559","10751","3338","3261","1010","1648","1008","382",""
"2026-07-28T01:57:45.498Z","0","13","66","3587697","453485","60698","23196","38960","18307","14228","4573",""
"2026-07-28T01:57:46.428Z","0","27","60","3660","9457","4160","8483","1567","8332","1947","1036",""
"2026-07-28T01:57:47.562Z","0","40","60","11507","8277","2504","2564","5682","3836","4741","2466",""
"2026-07-28T01:57:48.348Z","0","53","63","17608","3650","7050","5792","7605","8051","2707","610",""
"2026-07-28T01:57:49.548Z","0","64","75","10962","17460","9014","3508","3014","3949","1156","1364",""
"2026-07-28T01:57:50.928Z","0","51","66","2420318","704125","163768","63101","16975","66601","61094","17979",""
"2026-07-28T01:57:53.310Z","0","29","57","416521","115825","10766","3015","2042","2638","4350","1623",""
"2026-07-28T01:57:55.716Z","0","27","57","149812","2541","3165","1665","1813","1449","849","548",""
"2026-07-28T01:57:56.550Z","0","41","83","634266","19150","16162","37442","6611","7381","2832","2661",""
"2026-07-28T01:57:57.054Z","0","37","78","372621","39188","2367","4859","5260","3911","5414","1714",""
"2026-07-28T01:57:57.846Z","0","35","80","1070795","123630","69811","16423","13892","18756","35369","11381",""
"2026-07-28T01:57:58.644Z","0","38","75","90613","33641","28876","3007","11386","16962","19034","18881",""
"2026-07-28T01:57:59.436Z","0","24","54","1426953","498192","61496","38407","28530","13698","20781","12880",""
"2026-07-28T01:58:00.282Z","0","23","51","2658671","559963","8914","62221","35593","39654","94357","21110",""
"2026-07-28T01:58:01.356Z","0","20","51","2314589","617406","233478","116044","12490","67080","69605","13560",""
"2026-07-28T01:58:02.310Z","0","11","40","264353","114577","4268","17896","3787","13880","11735","4544",""
"2026-07-28T01:58:03.612Z","0","24","44","621625","67702","3473","24542","8101","10815","18126","1646",""
"2026-07-28T01:58:04.476Z","0","24","60","1118681","60677","32040","8919","5619","6829","6666","3109",""
"2026-07-28T01:58:05.406Z","0","30","63","1517141","124047","83902","80513","58995","48032","48478","19667",""
"2026-07-28T01:58:06.366Z","0","35","67","131301","17996","3213","2111","1138","3192","3147","901",""
"2026-07-28T01:58:07.308Z","0","47","67","1653291","70916","30949","12912","3949","55580","21372","10465",""
"2026-07-28T01:58:08.382Z","0","47","57","1399021","115223","21869","6926","30410","10156","4697","1420",""
"2026-07-28T01:58:09.234Z","0","35","40","174511","22834","763","1716","878","1137","690","618",""
"2026-07-28T01:58:10.338Z","0","34","37","1088563","220918","28907","17246","5554","27691","18105","6423",""
"2026-07-28T01:58:11.418Z","0","14","24","252710","42108","3188","1192","2457","2383","5382","569",""
"2026-07-28T01:58:12.558Z","0","21","34","491915","28145","13153","6319","2513","6466","11650","8821",""
"2026-07-28T01:58:13.356Z","0","20","60","171820","35321","47914","40732","13867","5382","14204","22796",""
"2026-07-28T01:58:14.412Z","0","14","67","672763","224296","63843","79938","61601","20113","10420","11143",""
"2026-07-28T01:58:15.240Z","26","14","67","825407","149423","33957","121476","24601","25456","35320","5946",""
"2026-07-28T01:58:16.542Z","0","20","77","1486720","176532","19228","25850","7956","19775","17088","5674",""
"2026-07-28T01:58:17.340Z","0","20","60","299575","77392","4866","2385","6869","13790","5779","9476",""